Ticker,Expiration Date,Strike Price,Last Price,Bid,Ask,Volume,Open Interest,Current Price
MSFT,2025-02-28,410.0,7.5,7.5,7.65,94.0,1280,412.2749938964844
MSFT,2025-02-28,405.0,5.92,5.55,5.6,81.0,1604,412.2749938964844
MSFT,2025-02-28,400.0,4.2,4.1,4.2,136.0,1849,412.2749938964844
MSFT,2025-02-28,395.0,3.14,3.0,3.1,62.0,1523,412.2749938964844
MSFT,2025-02-28,390.0,2.29,2.17,2.23,95.0,1236,412.2749938964844
MSFT,2025-02-28,385.0,1.63,1.59,1.65,157.0,807,412.2749938964844
MSFT,2025-02-28,380.0,1.28,1.15,1.2,233.0,561,412.2749938964844
MSFT,2025-02-28,375.0,0.96,0.88,0.92,154.0,564,412.2749938964844
MSFT,2025-02-28,370.0,0.73,0.66,0.69,27.0,289,412.2749938964844
MSFT,2025-02-28,365.0,0.53,0.52,0.55,3.0,184,412.2749938964844
AAPL,2025-02-28,230.0,4.48,4.5,4.55,178.0,1837,232.46600341796875
AAPL,2025-02-28,225.0,2.92,2.75,2.8,215.0,1923,232.46600341796875
AAPL,2025-02-28,220.0,1.68,1.67,1.7,371.0,2702,232.46600341796875
AAPL,2025-02-28,215.0,1.02,1.03,1.06,118.0,1066,232.46600341796875
AAPL,2025-02-28,210.0,0.66,0.64,0.67,124.0,978,232.46600341796875
AAPL,2025-02-28,205.0,0.45,0.43,0.45,41.0,989,232.46600341796875
AAPL,2025-02-28,200.0,0.33,0.31,0.33,84.0,1315,232.46600341796875
AAPL,2025-02-28,195.0,0.25,0.23,0.25,12.0,945,232.46600341796875
AAPL,2025-02-28,190.0,0.2,0.19,0.21,37.0,405,232.46600341796875
AAPL,2025-02-28,185.0,0.21,0.16,0.17,101.0,552,232.46600341796875
GOOGL,2025-02-28,200.0,5.53,5.45,5.55,106.0,596,204.80499267578125
GOOGL,2025-02-28,195.0,3.7,3.7,3.8,217.0,1254,204.80499267578125
GOOGL,2025-02-28,190.0,2.4,2.4,2.46,52.0,557,204.80499267578125
GOOGL,2025-02-28,185.0,1.55,1.51,1.57,158.0,1092,204.80499267578125
GOOGL,2025-02-28,180.0,1.0,0.95,1.0,55.0,656,204.80499267578125
GOOGL,2025-02-28,175.0,0.61,0.62,0.64,35.0,499,204.80499267578125
GOOGL,2025-02-28,170.0,0.4,0.4,0.44,24.0,282,204.80499267578125
GOOGL,2025-02-28,165.0,0.3,0.28,0.31,2.0,139,204.80499267578125
GOOGL,2025-02-28,160.0,0.2,0.2,0.23,5.0,59,204.80499267578125
GOOGL,2025-02-28,155.0,0.23,0.15,0.18,14.0,18,204.80499267578125
AMZN,2025-02-28,240.0,8.67,8.65,8.75,64.0,275,241.77499389648438
AMZN,2025-02-28,235.0,6.59,6.5,6.55,20.0,474,241.77499389648438
AMZN,2025-02-28,230.0,4.88,4.8,4.85,91.0,450,241.77499389648438
AMZN,2025-02-28,225.0,3.53,3.45,3.6,101.0,515,241.77499389648438
AMZN,2025-02-28,220.0,2.55,2.47,2.54,27.0,712,241.77499389648438
AMZN,2025-02-28,215.0,1.77,1.73,1.77,97.0,1106,241.77499389648438
AMZN,2025-02-28,210.0,1.25,1.23,1.26,408.0,809,241.77499389648438
AMZN,2025-02-28,205.0,0.9,0.87,0.89,77.0,2770,241.77499389648438
AMZN,2025-02-28,200.0,0.65,0.63,0.65,31.0,917,241.77499389648438
AMZN,2025-02-28,195.0,0.48,0.47,0.48,553.0,254,241.77499389648438
TSLA,2025-02-28,385.0,21.6,20.4,20.55,143.0,664,386.0899963378906
TSLA,2025-02-28,380.0,17.9,17.9,18.05,259.0,1216,386.0899963378906
TSLA,2025-02-28,375.0,15.58,15.55,15.7,78.0,961,386.0899963378906
TSLA,2025-02-28,370.0,14.36,13.35,13.45,124.0,1707,386.0899963378906
TSLA,2025-02-28,365.0,12.27,11.4,11.5,181.0,685,386.0899963378906
TSLA,2025-02-28,360.0,9.99,9.8,9.9,126.0,1613,386.0899963378906
TSLA,2025-02-28,355.0,8.44,8.2,8.3,524.0,921,386.0899963378906
TSLA,2025-02-28,350.0,7.05,6.9,7.05,380.0,2511,386.0899963378906
TSLA,2025-02-28,345.0,5.85,5.8,5.9,165.0,760,386.0899963378906
TSLA,2025-02-28,340.0,4.85,4.75,4.85,101.0,1400,386.0899963378906
META,2025-02-28,700.0,18.5,18.15,18.5,291.0,241,704.0900268554688
META,2025-02-28,695.0,16.0,16.25,16.5,50.0,101,704.0900268554688
META,2025-02-28,690.0,14.6,14.05,14.35,53.0,254,704.0900268554688
META,2025-02-28,685.0,12.55,12.3,12.5,52.0,80,704.0900268554688
META,2025-02-28,680.0,11.15,10.7,10.95,77.0,182,704.0900268554688
META,2025-02-28,675.0,9.52,9.3,9.55,35.0,184,704.0900268554688
META,2025-02-28,670.0,8.35,8.05,8.4,204.0,364,704.0900268554688
META,2025-02-28,665.0,7.25,7.0,7.2,10.0,102,704.0900268554688
META,2025-02-28,660.0,6.34,6.15,6.35,66.0,407,704.0900268554688
META,2025-02-28,655.0,5.45,5.2,5.4,50.0,290,704.0900268554688
NVDA,2025-02-28,118.0,7.75,7.6,7.65,564.0,823,118.67500305175781
NVDA,2025-02-28,117.0,7.17,7.1,7.2,281.0,876,118.67500305175781
NVDA,2025-02-28,116.0,6.7,6.65,6.75,78.0,961,118.67500305175781
NVDA,2025-02-28,115.0,6.2,6.2,6.3,1530.0,19288,118.67500305175781
NVDA,2025-02-28,114.0,5.9,5.75,5.85,63.0,816,118.67500305175781
NVDA,2025-02-28,113.0,5.45,5.4,5.45,370.0,758,118.67500305175781
NVDA,2025-02-28,112.0,5.0,4.95,5.05,107.0,1157,118.67500305175781
NVDA,2025-02-28,111.0,4.75,4.65,4.7,583.0,1247,118.67500305175781
NVDA,2025-02-28,110.0,4.3,4.25,4.35,5293.0,14945,118.67500305175781
NVDA,2025-02-28,109.0,4.1,3.95,4.05,33.0,770,118.67500305175781
SPY,2025-02-28,601.0,7.5,7.54,7.57,180.0,3642,601.344970703125
SPY,2025-02-28,600.0,7.12,7.11,7.14,628.0,11926,601.344970703125
SPY,2025-02-28,599.0,6.85,6.84,6.87,139.0,3222,601.344970703125
SPY,2025-02-28,598.0,6.55,6.44,6.46,141.0,1598,601.344970703125
SPY,2025-02-28,597.0,6.31,6.13,6.16,267.0,1259,601.344970703125
SPY,2025-02-28,596.0,5.91,5.87,5.89,84.0,5580,601.344970703125
SPY,2025-02-28,595.0,5.6,5.54,5.57,3221.0,32199,601.344970703125
SPY,2025-02-28,594.0,5.53,5.26,5.29,78.0,845,601.344970703125
SPY,2025-02-28,593.0,5.0,5.07,5.1,101.0,1142,601.344970703125
SPY,2025-02-28,592.0,4.84,4.76,4.78,150.0,1657,601.344970703125
V,2025-02-28,345.0,5.84,5.95,6.2,4.0,90,345.7699890136719
V,2025-02-28,340.0,3.86,3.95,4.2,4.0,62,345.7699890136719
V,2025-02-28,335.0,3.3,2.57,2.71,5.0,106,345.7699890136719
V,2025-02-28,330.0,1.75,1.62,1.75,22.0,57,345.7699890136719
V,2025-02-28,325.0,1.29,1.03,1.12,6.0,86,345.7699890136719
V,2025-02-28,320.0,0.95,0.69,0.75,22.0,104,345.7699890136719
V,2025-02-28,315.0,0.58,0.48,0.53,1.0,133,345.7699890136719
V,2025-02-28,310.0,0.41,0.3,0.48,1.0,94,345.7699890136719
V,2025-02-28,305.0,0.3,0.21,0.33,4.0,199,345.7699890136719
V,2025-02-28,300.0,0.26,0.15,0.33,2.0,28,345.7699890136719
AMD,2025-02-28,117.0,6.7,6.35,6.45,23.0,299,117.63680267333984
AMD,2025-02-28,116.0,6.15,5.85,5.95,46.0,308,117.63680267333984
AMD,2025-02-28,115.0,5.55,5.4,5.5,77.0,1828,117.63680267333984
AMD,2025-02-28,114.0,5.2,5.0,5.1,11.0,1053,117.63680267333984
AMD,2025-02-28,113.0,4.8,4.55,4.65,47.0,684,117.63680267333984
AMD,2025-02-28,112.0,4.59,4.1,4.2,58.0,516,117.63680267333984
AMD,2025-02-28,111.0,4.2,3.75,3.85,35.0,316,117.63680267333984
AMD,2025-02-28,110.0,3.5,3.45,3.55,108.0,1089,117.63680267333984
AMD,2025-02-28,109.0,3.7,3.05,3.15,2.0,323,117.63680267333984
AMD,2025-02-28,108.0,2.94,2.77,2.82,48.0,354,117.63680267333984
NVDA,2025-02-28,118.0,7.75,7.6,7.65,564.0,823,118.67500305175781
NVDA,2025-02-28,117.0,7.17,7.1,7.2,281.0,876,118.67500305175781
NVDA,2025-02-28,116.0,6.7,6.65,6.75,78.0,961,118.67500305175781
NVDA,2025-02-28,115.0,6.2,6.2,6.3,1530.0,19288,118.67500305175781
NVDA,2025-02-28,114.0,5.9,5.75,5.85,63.0,816,118.67500305175781
NVDA,2025-02-28,113.0,5.45,5.4,5.45,370.0,758,118.67500305175781
NVDA,2025-02-28,112.0,5.0,4.95,5.05,107.0,1157,118.67500305175781
NVDA,2025-02-28,111.0,4.75,4.65,4.7,583.0,1247,118.67500305175781
NVDA,2025-02-28,110.0,4.3,4.25,4.35,5293.0,14945,118.67500305175781
NVDA,2025-02-28,109.0,4.1,3.95,4.05,33.0,770,118.67500305175781
INTC,2025-02-28,19.0,0.77,0.74,0.77,21.0,3918,19.36989974975586
INTC,2025-02-28,18.5,0.56,0.54,0.56,33.0,1299,19.36989974975586
INTC,2025-02-28,18.0,0.4,0.38,0.4,162.0,1217,19.36989974975586
INTC,2025-02-28,17.5,0.26,0.25,0.27,14.0,752,19.36989974975586
INTC,2025-02-28,17.0,0.18,0.17,0.19,120.0,734,19.36989974975586
INTC,2025-02-28,16.5,0.12,0.09,0.12,20.0,418,19.36989974975586
INTC,2025-02-28,16.0,0.19,0.06,0.07,2.0,358,19.36989974975586
INTC,2025-02-28,15.5,0.03,0.03,0.17,15.0,154,19.36989974975586
INTC,2025-02-28,15.0,0.04,0.01,0.2,61.0,566,19.36989974975586
INTC,2025-02-28,12.5,0.04,0.0,0.17,2.0,4,19.36989974975586
CSCO,2025-02-28,61.0,1.87,1.57,1.62,14.0,22,61.474998474121094
CSCO,2025-02-28,60.0,1.57,1.17,1.21,25.0,167,61.474998474121094
CSCO,2025-02-28,59.0,1.13,0.85,0.89,6.0,85,61.474998474121094
CSCO,2025-02-28,58.0,0.79,0.61,0.65,17.0,63,61.474998474121094
CSCO,2025-02-28,57.0,0.54,0.43,0.47,2.0,317,61.474998474121094
CSCO,2025-02-28,56.0,0.42,0.0,0.34,4.0,53,61.474998474121094
CSCO,2025-02-28,55.0,0.31,0.0,0.25,1.0,16,61.474998474121094
CSCO,2025-02-28,54.0,0.25,0.15,0.2,1.0,17,61.474998474121094
CSCO,2025-02-28,53.0,0.16,0.13,0.15,1.0,7,61.474998474121094
CSCO,2025-02-28,52.0,0.13,0.0,0.16,2.0,5,61.474998474121094
WMT,2025-02-28,100.0,2.9,2.85,2.9,140.0,427,100.72010040283203
WMT,2025-02-28,99.0,2.56,2.41,2.47,16.0,183,100.72010040283203
WMT,2025-02-28,98.0,2.0,2.01,2.07,20.0,311,100.72010040283203
WMT,2025-02-28,97.0,1.64,1.66,1.74,100.0,1259,100.72010040283203
WMT,2025-02-28,96.0,1.48,1.37,1.42,16.0,48,100.72010040283203
WMT,2025-02-28,95.0,1.12,1.13,1.17,125.0,367,100.72010040283203
WMT,2025-02-28,94.0,0.92,0.91,0.95,153.0,430,100.72010040283203
WMT,2025-02-28,93.0,0.75,0.73,0.77,10.0,497,100.72010040283203
WMT,2025-02-28,92.0,0.64,0.59,0.63,3.0,632,100.72010040283203
WMT,2025-02-28,91.0,0.62,0.48,0.52,60.0,258,100.72010040283203
DIS,2025-02-28,112.0,3.75,3.65,3.8,1.0,226,113.0
DIS,2025-02-28,111.0,3.0,3.2,3.35,5.0,48,113.0
DIS,2025-02-28,110.0,2.89,2.83,2.93,5.0,143,113.0
DIS,2025-02-28,109.0,2.44,2.47,2.56,1.0,55,113.0
DIS,2025-02-28,108.0,2.15,2.12,2.21,22.0,234,113.0
DIS,2025-02-28,107.0,1.8,1.84,1.92,17.0,36,113.0
DIS,2025-02-28,106.0,1.56,1.57,1.66,3.0,86,113.0
DIS,2025-02-28,105.0,1.25,1.34,1.42,7.0,97,113.0
DIS,2025-02-28,104.0,1.11,1.14,1.21,6.0,84,113.0
DIS,2025-02-28,103.0,0.95,0.95,1.04,1.0,36,113.0
MCD,2025-02-28,285.0,5.05,4.8,5.05,8.0,25,289.2900085449219
MCD,2025-02-28,280.0,3.35,3.25,3.4,2.0,70,289.2900085449219
MCD,2025-02-28,275.0,2.45,2.15,2.29,6.0,85,289.2900085449219
MCD,2025-02-28,270.0,1.42,1.42,1.58,3.0,119,289.2900085449219
MCD,2025-02-28,265.0,1.03,0.94,1.04,2.0,74,289.2900085449219
MCD,2025-02-28,260.0,0.66,0.62,0.68,2.0,58,289.2900085449219
MCD,2025-02-28,255.0,0.57,0.23,0.53,1.0,112,289.2900085449219
MCD,2025-02-28,250.0,0.35,0.1,0.47,1.0,5,289.2900085449219
MCD,2025-02-28,245.0,0.25,0.01,0.75,8.0,13,289.2900085449219
MCD,2025-02-28,240.0,0.19,0.0,0.75,21.0,34,289.2900085449219
BA,2025-02-28,175.0,5.4,5.3,5.5,7.0,217,175.27000427246094
BA,2025-02-28,170.0,3.4,3.3,3.4,54.0,319,175.27000427246094
BA,2025-02-28,165.0,1.87,1.84,1.95,18.0,322,175.27000427246094
BA,2025-02-28,160.0,1.02,0.99,1.05,13.0,336,175.27000427246094
BA,2025-02-28,155.0,0.56,0.53,0.56,12.0,208,175.27000427246094
BA,2025-02-28,150.0,0.33,0.12,0.42,60.0,280,175.27000427246094
BA,2025-02-28,145.0,0.18,0.08,0.26,7.0,169,175.27000427246094
BA,2025-02-28,140.0,0.13,0.1,0.15,1.0,61,175.27000427246094
BA,2025-02-28,135.0,0.08,0.05,0.29,2.0,17,175.27000427246094
BA,2025-02-28,130.0,0.11,0.01,0.28,1.0,2,175.27000427246094
PYPL,2025-02-28,80.0,2.34,2.21,2.35,2416.0,206,80.27010345458984
PYPL,2025-02-28,79.0,1.96,1.84,1.96,43.0,61,80.27010345458984
PYPL,2025-02-28,78.0,1.6,1.48,1.59,743.0,51,80.27010345458984
PYPL,2025-02-28,77.0,1.24,1.15,1.31,900.0,33,80.27010345458984
PYPL,2025-02-28,76.0,1.0,0.93,1.03,113.0,16,80.27010345458984
PYPL,2025-02-28,75.0,0.82,0.75,0.82,180.0,75,80.27010345458984
PYPL,2025-02-28,70.0,0.22,0.22,0.26,62.0,128,80.27010345458984
PYPL,2025-02-28,65.0,0.51,0.0,0.18,1.0,27,80.27010345458984
PYPL,2025-02-28,60.0,0.25,0.0,0.16,,11,80.27010345458984
SNAP,2025-02-28,11.0,0.95,0.92,0.95,61.0,345,11.493599891662598
SNAP,2025-02-28,10.5,0.75,0.69,0.72,3.0,194,11.493599891662598
SNAP,2025-02-28,10.0,0.5,0.5,0.53,64.0,457,11.493599891662598
SNAP,2025-02-28,9.5,0.36,0.35,0.38,17.0,158,11.493599891662598
SNAP,2025-02-28,9.0,0.27,0.23,0.26,6.0,423,11.493599891662598
SNAP,2025-02-28,8.5,0.17,0.14,0.17,25.0,273,11.493599891662598
SNAP,2025-02-28,8.0,0.12,0.08,0.11,15.0,61,11.493599891662598
SNAP,2025-02-28,7.5,0.07,0.03,0.08,10.0,3745,11.493599891662598
SNAP,2025-02-28,7.0,0.03,0.01,0.06,1.0,0,11.493599891662598
SNAP,2025-02-28,6.0,0.02,0.0,0.04,10.0,10,11.493599891662598
NKE,2025-02-28,76.0,1.66,1.68,1.74,11.0,59,76.62000274658203
NKE,2025-02-28,75.0,1.0,1.29,1.34,1.0,1945,76.62000274658203
NKE,2025-02-28,74.0,1.0,0.97,1.03,9.0,151,76.62000274658203
NKE,2025-02-28,73.0,0.75,0.73,0.79,2.0,54,76.62000274658203
NKE,2025-02-28,72.0,0.49,0.54,0.77,13.0,289,76.62000274658203
NKE,2025-02-28,71.0,0.41,0.4,0.46,3.0,88,76.62000274658203
NKE,2025-02-28,70.0,0.27,0.3,0.34,6.0,344,76.62000274658203
NKE,2025-02-28,69.0,0.4,0.23,0.34,25.0,190,76.62000274658203
NKE,2025-02-28,68.0,0.2,0.17,0.36,9.0,67,76.62000274658203
NKE,2025-02-28,67.0,0.18,0.13,0.18,30.0,71,76.62000274658203
XOM,2025-02-28,110.0,2.82,2.68,2.83,47.0,83,110.11000061035156
XOM,2025-02-28,109.0,2.25,2.18,2.24,13.0,132,110.11000061035156
XOM,2025-02-28,108.0,1.89,1.77,1.85,12.0,217,110.11000061035156
XOM,2025-02-28,107.0,2.73,1.41,1.46,7.0,86,110.11000061035156
XOM,2025-02-28,106.0,1.67,1.11,1.17,1.0,150,110.11000061035156
XOM,2025-02-28,105.0,0.9,0.87,0.93,22.0,248,110.11000061035156
XOM,2025-02-28,104.0,0.73,0.68,0.73,15.0,100,110.11000061035156
XOM,2025-02-28,103.0,0.62,0.52,0.57,3.0,216,110.11000061035156
XOM,2025-02-28,102.0,0.44,0.4,0.49,24.0,177,110.11000061035156
XOM,2025-02-28,101.0,0.39,0.25,0.35,2.0,81,110.11000061035156
CVX,2025-02-28,152.5,3.4,3.4,3.5,5.0,240,153.08999633789062
CVX,2025-02-28,150.0,2.56,2.25,2.38,10.0,348,153.08999633789062
CVX,2025-02-28,149.0,2.17,1.88,2.01,18.0,96,153.08999633789062
CVX,2025-02-28,148.0,3.05,1.56,1.7,9.0,122,153.08999633789062
CVX,2025-02-28,147.0,2.66,1.3,1.4,15.0,67,153.08999633789062
CVX,2025-02-28,146.0,2.02,1.08,1.17,2.0,32,153.08999633789062
CVX,2025-02-28,145.0,0.95,0.87,0.95,7.0,214,153.08999633789062
CVX,2025-02-28,144.0,0.78,0.74,0.8,1.0,30,153.08999633789062
CVX,2025-02-28,143.0,1.16,0.61,0.68,22.0,80,153.08999633789062
CVX,2025-02-28,142.0,0.7,0.5,0.56,1.0,148,153.08999633789062
JNJ,2025-02-28,152.5,2.7,2.51,2.61,3.0,7,153.1999969482422
JNJ,2025-02-28,150.0,1.5,1.46,1.55,14.0,561,153.1999969482422
JNJ,2025-02-28,149.0,1.3,1.18,1.25,34.0,74,153.1999969482422
JNJ,2025-02-28,148.0,1.05,0.93,1.0,1.0,136,153.1999969482422
JNJ,2025-02-28,147.0,0.86,0.74,0.81,15.0,23,153.1999969482422
JNJ,2025-02-28,146.0,0.99,0.58,0.64,9.0,57,153.1999969482422
JNJ,2025-02-28,145.0,0.76,0.46,0.51,89.0,128,153.1999969482422
JNJ,2025-02-28,144.0,0.35,0.37,0.4,5.0,165,153.1999969482422
JNJ,2025-02-28,143.0,0.35,0.3,0.4,2.0,34,153.1999969482422
JNJ,2025-02-28,142.0,0.51,0.24,0.29,3.0,230,153.1999969482422
PFE,2025-02-28,25.0,0.27,0.28,0.29,386.0,948,25.924999237060547
PFE,2025-02-28,24.0,0.1,0.09,0.12,192.0,17892,25.924999237060547
PFE,2025-02-28,23.0,0.04,0.0,0.07,60.0,32,25.924999237060547
PFE,2025-02-28,22.0,0.08,0.0,0.06,10.0,12,25.924999237060547
BABA,2025-02-28,102.0,4.95,4.85,5.0,82.0,112,102.87000274658203
BABA,2025-02-28,101.0,4.4,4.3,4.5,26.0,19,102.87000274658203
BABA,2025-02-28,100.0,3.95,3.85,4.0,25.0,378,102.87000274658203
BABA,2025-02-28,99.0,3.55,3.4,3.55,4.0,32,102.87000274658203
BABA,2025-02-28,98.0,3.15,3.0,3.1,10.0,1061,102.87000274658203
BABA,2025-02-28,97.0,2.81,2.64,2.75,14.0,98,102.87000274658203
BABA,2025-02-28,96.0,2.39,2.3,2.4,56.0,145,102.87000274658203
BABA,2025-02-28,95.0,2.08,2.0,2.08,45.0,224,102.87000274658203
BABA,2025-02-28,94.0,1.75,1.72,1.79,10.0,473,102.87000274658203
BABA,2025-02-28,93.0,1.53,1.47,1.54,2.0,94,102.87000274658203
T,2025-02-28,24.0,0.3,0.24,0.27,7.0,415,24.405000686645508
T,2025-02-28,23.5,0.16,0.13,0.15,11.0,163,24.405000686645508
T,2025-02-28,23.0,0.08,0.07,0.09,10.0,552,24.405000686645508
T,2025-02-28,22.5,0.05,0.04,0.06,1.0,104,24.405000686645508
T,2025-02-28,22.0,0.04,0.03,0.05,21.0,131,24.405000686645508
T,2025-02-28,21.5,0.05,0.0,1.29,1.0,195,24.405000686645508
T,2025-02-28,21.0,0.04,0.0,0.25,11.0,156,24.405000686645508
T,2025-02-28,20.5,0.1,0.0,0.09,1.0,52,24.405000686645508
T,2025-02-28,20.0,0.03,0.0,1.27,50.0,160,24.405000686645508
T,2025-02-28,19.5,0.01,0.0,0.25,1.0,154,24.405000686645508
VZ,2025-02-28,39.0,0.35,0.3,0.33,11.0,455,39.78499984741211
VZ,2025-02-28,38.0,0.11,0.12,0.14,27.0,1156,39.78499984741211
VZ,2025-02-28,37.0,0.06,0.05,0.06,10.0,133,39.78499984741211
VZ,2025-02-28,36.0,0.05,0.0,0.16,1.0,86,39.78499984741211
VZ,2025-02-28,35.0,0.05,0.01,0.5,5.0,43,39.78499984741211
VZ,2025-02-28,34.0,0.14,0.0,0.75,,1,39.78499984741211
VZ,2025-02-28,33.0,0.01,0.0,0.75,3.0,4,39.78499984741211
GE,2025-02-28,200.0,3.49,4.4,4.55,10.0,71,201.71749877929688
GE,2025-02-28,195.0,2.5,2.65,2.75,3.0,47,201.71749877929688
GE,2025-02-28,190.0,1.4,1.48,1.78,4.0,80,201.71749877929688
GE,2025-02-28,185.0,0.83,0.7,0.92,1.0,73,201.71749877929688
GE,2025-02-28,180.0,0.45,0.41,0.53,3.0,354,201.71749877929688
GE,2025-02-28,175.0,0.29,0.0,0.65,1.0,128,201.71749877929688
GE,2025-02-28,170.0,0.11,0.1,0.99,1.0,24,201.71749877929688
GE,2025-02-28,165.0,0.28,0.0,0.75,15.0,47,201.71749877929688
GE,2025-02-28,160.0,0.5,0.0,0.42,1.0,60,201.71749877929688
GE,2025-02-28,155.0,0.41,0.0,1.22,1.0,8,201.71749877929688
IBM,2025-02-28,260.0,7.0,6.9,7.1,17.0,143,261.7900085449219
IBM,2025-02-28,255.0,4.37,4.6,4.8,4.0,187,261.7900085449219
IBM,2025-02-28,250.0,2.91,2.91,3.05,4.0,57,261.7900085449219
IBM,2025-02-28,245.0,1.85,1.76,1.89,5.0,88,261.7900085449219
IBM,2025-02-28,240.0,1.04,1.01,1.14,3.0,109,261.7900085449219
IBM,2025-02-28,235.0,0.79,0.57,0.68,1.0,70,261.7900085449219
IBM,2025-02-28,230.0,0.47,0.13,0.49,10.0,63,261.7900085449219
IBM,2025-02-28,225.0,0.23,0.19,0.4,3.0,47,261.7900085449219
IBM,2025-02-28,220.0,0.27,0.0,0.2,16.0,49,261.7900085449219
IBM,2025-02-28,215.0,0.15,0.0,0.22,16.0,208,261.7900085449219
GS,2025-02-28,635.0,16.85,11.85,14.05,14.0,152,636.25
GS,2025-02-28,630.0,18.55,11.3,11.8,9.0,43,636.25
GS,2025-02-28,625.0,10.13,9.4,9.9,27.0,113,636.25
GS,2025-02-28,620.0,8.75,7.8,8.4,6.0,48,636.25
GS,2025-02-28,615.0,8.33,6.45,6.8,1.0,76,636.25
GS,2025-02-28,610.0,5.42,5.25,5.6,2.0,47,636.25
GS,2025-02-28,605.0,5.11,4.25,4.7,8.0,90,636.25
GS,2025-02-28,600.0,4.08,3.5,3.75,3.0,90,636.25
GS,2025-02-28,595.0,4.14,1.37,4.75,5.0,22,636.25
GS,2025-02-28,590.0,2.6,2.37,2.54,10.0,128,636.25
JPM,2025-02-28,265.0,3.4,3.5,3.65,15.0,190,268.32000732421875
JPM,2025-02-28,260.0,2.05,2.11,2.21,98.0,647,268.32000732421875
JPM,2025-02-28,255.0,1.3,1.28,1.35,14.0,213,268.32000732421875
JPM,2025-02-28,250.0,0.8,0.81,0.86,6.0,334,268.32000732421875
JPM,2025-02-28,245.0,0.7,0.55,0.59,36.0,161,268.32000732421875
JPM,2025-02-28,240.0,0.4,0.4,0.44,11.0,107,268.32000732421875
JPM,2025-02-28,235.0,0.39,0.29,0.34,12.0,73,268.32000732421875
JPM,2025-02-28,230.0,0.25,0.22,0.27,3.0,113,268.32000732421875
JPM,2025-02-28,225.0,0.21,0.16,0.21,11.0,58,268.32000732421875
JPM,2025-02-28,220.0,0.2,0.0,4.8,17.0,16,268.32000732421875
MS,2025-02-28,137.0,3.0,2.62,2.72,1.0,49,137.55999755859375
MS,2025-02-28,136.0,2.09,2.26,2.35,3.0,38,137.55999755859375
MS,2025-02-28,135.0,2.47,1.9,1.97,2.0,205,137.55999755859375
MS,2025-02-28,134.0,1.97,1.59,1.66,1.0,36,137.55999755859375
MS,2025-02-28,133.0,1.37,1.33,1.39,10.0,22,137.55999755859375
MS,2025-02-28,132.0,1.11,1.11,1.16,4.0,38,137.55999755859375
MS,2025-02-28,131.0,1.13,0.91,0.97,5.0,18,137.55999755859375
MS,2025-02-28,130.0,0.8,0.75,0.81,44.0,62,137.55999755859375
MS,2025-02-28,129.0,1.38,0.63,0.68,1.0,9,137.55999755859375
MS,2025-02-28,128.0,0.48,0.51,0.57,3.0,114,137.55999755859375
GS,2025-02-28,635.0,16.85,11.85,14.05,14.0,152,636.25
GS,2025-02-28,630.0,18.55,11.3,11.8,9.0,43,636.25
GS,2025-02-28,625.0,10.13,9.4,9.9,27.0,113,636.25
GS,2025-02-28,620.0,8.75,7.8,8.4,6.0,48,636.25
GS,2025-02-28,615.0,8.33,6.45,6.8,1.0,76,636.25
GS,2025-02-28,610.0,5.42,5.25,5.6,2.0,47,636.25
GS,2025-02-28,605.0,5.11,4.25,4.7,8.0,90,636.25
GS,2025-02-28,600.0,4.08,3.5,3.75,3.0,90,636.25
GS,2025-02-28,595.0,4.14,1.37,4.75,5.0,22,636.25
GS,2025-02-28,590.0,2.6,2.37,2.54,10.0,128,636.25
UNH,2025-02-28,545.0,10.65,10.55,11.0,4.0,34,546.0
UNH,2025-02-28,540.0,8.7,8.5,9.0,6.0,89,546.0
UNH,2025-02-28,535.0,7.0,6.9,7.3,5.0,67,546.0
UNH,2025-02-28,530.0,5.55,5.4,5.85,12.0,81,546.0
UNH,2025-02-28,525.0,4.75,4.35,4.65,4.0,220,546.0
UNH,2025-02-28,520.0,3.75,3.45,3.75,3.0,350,546.0
UNH,2025-02-28,515.0,3.5,2.7,2.96,1.0,104,546.0
UNH,2025-02-28,510.0,2.13,2.14,2.36,32.0,48,546.0
UNH,2025-02-28,505.0,1.66,1.7,1.87,2.0,30,546.0
UNH,2025-02-28,500.0,1.4,1.34,1.47,1.0,263,546.0
CVS,2025-02-28,56.0,2.45,2.33,2.42,65.0,152,56.2400016784668
CVS,2025-02-28,55.0,2.04,1.88,1.94,103.0,155,56.2400016784668
CVS,2025-02-28,54.0,1.61,1.49,1.59,101.0,203,56.2400016784668
CVS,2025-02-28,53.0,1.24,1.17,1.23,15.0,23,56.2400016784668
CVS,2025-02-28,52.0,1.05,0.91,0.97,1.0,237,56.2400016784668
CVS,2025-02-28,51.0,0.77,0.69,0.73,50.0,299,56.2400016784668
CVS,2025-02-28,50.0,0.59,0.53,0.56,4.0,64,56.2400016784668
CVS,2025-02-28,49.0,0.4,0.4,0.44,5.0,5,56.2400016784668
CVS,2025-02-28,48.0,0.29,0.0,0.34,100.0,120,56.2400016784668
CVS,2025-02-28,47.0,0.24,0.22,0.25,6.0,38,56.2400016784668
HD,2025-02-28,405.0,9.31,8.55,8.8,11.0,274,409.8800048828125
HD,2025-02-28,400.0,7.38,6.8,7.1,3.0,129,409.8800048828125
HD,2025-02-28,395.0,6.09,5.35,5.6,1.0,139,409.8800048828125
HD,2025-02-28,390.0,4.75,4.15,4.4,20.0,254,409.8800048828125
HD,2025-02-28,385.0,3.4,3.25,3.45,90.0,654,409.8800048828125
HD,2025-02-28,380.0,2.9,2.53,2.7,5.0,333,409.8800048828125
HD,2025-02-28,375.0,2.45,1.84,2.13,9.0,50,409.8800048828125
HD,2025-02-28,370.0,1.95,1.57,1.69,3.0,181,409.8800048828125
HD,2025-02-28,365.0,1.5,1.05,1.36,2.0,30,409.8800048828125
HD,2025-02-28,360.0,1.34,0.0,1.12,8.0,5,409.8800048828125
LOW,2025-02-28,255.0,6.4,5.55,5.8,10.0,105,257.69390869140625
LOW,2025-02-28,250.0,4.7,3.8,4.15,1.0,136,257.69390869140625
LOW,2025-02-28,245.0,2.74,2.63,2.75,4.0,71,257.69390869140625
LOW,2025-02-28,240.0,2.05,1.76,1.88,2.0,52,257.69390869140625
LOW,2025-02-28,235.0,1.4,1.1,1.46,101.0,107,257.69390869140625
LOW,2025-02-28,230.0,0.7,0.66,0.96,3.0,7,257.69390869140625
LOW,2025-02-28,225.0,0.85,0.56,0.82,1.0,5,257.69390869140625
LOW,2025-02-28,220.0,0.75,0.0,2.65,,15,257.69390869140625
LOW,2025-02-28,200.0,0.48,0.0,0.75,,3,257.69390869140625
LOW,2025-02-28,175.0,0.39,0.0,0.51,,0,257.69390869140625
UPS,2025-02-28,110.0,2.65,2.62,2.73,48.0,788,110.91000366210938
UPS,2025-02-28,105.0,0.87,0.86,0.9,1286.0,1494,110.91000366210938
UPS,2025-02-28,100.0,0.24,0.22,0.31,85.0,141,110.91000366210938
UPS,2025-02-28,95.0,0.07,0.0,0.32,2.0,45,110.91000366210938
UPS,2025-02-28,90.0,0.1,0.0,0.15,10.0,18,110.91000366210938
UPS,2025-02-28,80.0,0.21,0.0,1.26,,1,110.91000366210938
SBUX,2025-02-28,109.0,2.27,2.14,2.22,28.0,143,109.93000030517578
SBUX,2025-02-28,108.0,1.9,1.75,1.83,46.0,112,109.93000030517578
SBUX,2025-02-28,107.0,1.51,1.41,1.46,48.0,177,109.93000030517578
SBUX,2025-02-28,106.0,1.24,1.08,1.13,38.0,2742,109.93000030517578
SBUX,2025-02-28,105.0,0.95,0.86,0.92,22.0,277,109.93000030517578
SBUX,2025-02-28,104.0,0.75,0.66,0.69,16.0,194,109.93000030517578
SBUX,2025-02-28,103.0,0.57,0.49,0.55,3.0,155,109.93000030517578
SBUX,2025-02-28,102.0,0.41,0.39,0.43,2.0,37,109.93000030517578
SBUX,2025-02-28,101.0,0.35,0.3,0.34,8.0,139,109.93000030517578
SBUX,2025-02-28,100.0,0.27,0.25,0.28,28.0,1387,109.93000030517578
BLK,2025-02-28,1010.0,19.76,17.5,19.1,15.0,25,1012.7750854492188
BLK,2025-02-28,1000.0,15.4,13.8,15.3,1.0,43,1012.7750854492188
BLK,2025-02-28,990.0,13.63,10.7,11.9,1.0,41,1012.7750854492188
BLK,2025-02-28,980.0,10.3,8.2,9.4,16.0,24,1012.7750854492188
BLK,2025-02-28,970.0,8.6,6.2,7.3,14.0,15,1012.7750854492188
BLK,2025-02-28,960.0,4.9,1.2,7.4,3.0,16,1012.7750854492188
BLK,2025-02-28,950.0,5.45,3.4,5.4,6.0,9,1012.7750854492188
BLK,2025-02-28,940.0,3.19,2.35,4.6,1.0,1,1012.7750854492188
BLK,2025-02-28,920.0,1.2,1.3,2.5,10.0,14,1012.7750854492188
BLK,2025-02-28,910.0,4.8,1.0,2.1,,2,1012.7750854492188
DELL,2025-02-28,101.0,6.24,6.05,6.15,43.0,115,101.84429931640625
DELL,2025-02-28,100.0,5.75,5.6,5.75,31.0,1391,101.84429931640625
DELL,2025-02-28,99.0,5.55,5.15,5.25,1.0,93,101.84429931640625
DELL,2025-02-28,98.0,4.92,4.75,4.9,3.0,164,101.84429931640625
DELL,2025-02-28,97.0,4.42,4.3,4.45,1.0,29,101.84429931640625
DELL,2025-02-28,96.0,4.68,3.95,4.1,1.0,2,101.84429931640625
DELL,2025-02-28,95.0,4.08,3.6,3.75,17.0,1217,101.84429931640625
DELL,2025-02-28,94.0,3.55,3.25,3.45,3.0,1,101.84429931640625
DELL,2025-02-28,92.0,3.05,1.84,2.85,1.0,17,101.84429931640625
DELL,2025-02-28,91.0,2.92,2.38,2.59,1.0,2,101.84429931640625
LMT,2025-02-28,450.0,6.8,6.8,7.2,5.0,51,453.8800048828125
LMT,2025-02-28,445.0,5.65,4.9,5.4,1.0,46,453.8800048828125
LMT,2025-02-28,440.0,3.6,3.6,4.0,20.0,30,453.8800048828125
LMT,2025-02-28,435.0,3.0,2.6,2.9,3.0,21,453.8800048828125
LMT,2025-02-28,430.0,1.9,1.85,2.0,3.0,53,453.8800048828125
LMT,2025-02-28,425.0,1.37,1.3,1.45,1.0,7,453.8800048828125
LMT,2025-02-28,420.0,1.0,0.9,1.1,10.0,50,453.8800048828125
LMT,2025-02-28,415.0,0.85,0.7,0.85,1.0,5,453.8800048828125
LMT,2025-02-28,400.0,0.6,0.0,1.5,,1,453.8800048828125
LMT,2025-02-28,335.0,0.1,0.0,0.1,1.0,2,453.8800048828125
ABT,2025-02-28,126.0,1.48,1.39,1.49,5.0,8,127.80000305175781
ABT,2025-02-28,125.0,1.1,1.1,1.19,6.0,39,127.80000305175781
ABT,2025-02-28,124.0,1.02,0.86,1.01,2.0,15,127.80000305175781
ABT,2025-02-28,123.0,0.7,0.67,0.81,10.0,34,127.80000305175781
ABT,2025-02-28,122.0,0.7,0.51,0.66,2.0,29,127.80000305175781
ABT,2025-02-28,121.0,0.44,0.38,0.67,2.0,32,127.80000305175781
ABT,2025-02-28,120.0,0.38,0.28,0.54,1.0,189,127.80000305175781
ABT,2025-02-28,119.0,0.33,0.21,0.46,1.0,34,127.80000305175781
ABT,2025-02-28,118.0,0.26,0.0,0.41,1.0,15,127.80000305175781
ABT,2025-02-28,117.0,0.18,0.0,0.38,5.0,9,127.80000305175781
TXN,2025-02-28,180.0,4.27,4.4,4.6,2.0,172,180.99000549316406
TXN,2025-02-28,175.0,2.63,2.61,2.78,64.0,273,180.99000549316406
TXN,2025-02-28,170.0,1.63,1.54,1.67,2.0,221,180.99000549316406
TXN,2025-02-28,165.0,0.99,0.86,0.95,9.0,86,180.99000549316406
TXN,2025-02-28,160.0,0.72,0.48,0.56,1.0,23,180.99000549316406
TXN,2025-02-28,155.0,0.55,0.01,0.84,4.0,12,180.99000549316406
TXN,2025-02-28,145.0,0.11,0.0,0.6,2.0,35,180.99000549316406
TXN,2025-02-28,140.0,0.17,0.0,0.54,,4,180.99000549316406
TMO,2025-02-28,580.0,7.7,8.2,8.8,8.0,9,584.0900268554688
TMO,2025-02-28,550.0,1.6,1.6,2.15,1.0,33,584.0900268554688
TMO,2025-02-28,540.0,5.0,0.8,3.3,35.0,35,584.0900268554688
TMO,2025-02-28,530.0,3.4,0.0,3.2,1.0,25,584.0900268554688
TMO,2025-02-28,520.0,0.37,0.0,2.9,2.0,43,584.0900268554688
TMO,2025-02-28,510.0,4.0,0.0,2.75,,1,584.0900268554688
TMO,2025-02-28,500.0,1.77,0.0,1.5,,3,584.0900268554688
TMO,2025-02-28,490.0,1.1,0.0,1.8,,1,584.0900268554688
MRK,2025-02-28,89.0,2.15,2.0,2.14,23.0,10,89.37000274658203
MRK,2025-02-28,88.0,1.57,1.56,1.69,14.0,16,89.37000274658203
MRK,2025-02-28,87.0,1.3,1.22,1.25,24.0,9,89.37000274658203
MRK,2025-02-28,86.0,1.02,0.92,1.01,50.0,100,89.37000274658203
MRK,2025-02-28,85.0,0.71,0.69,0.77,49.0,25,89.37000274658203
MRK,2025-02-28,80.0,0.21,0.17,0.21,8.0,23,89.37000274658203
AMAT,2025-02-28,175.0,6.48,6.55,6.8,26.0,164,178.6300048828125
AMAT,2025-02-28,170.0,4.75,4.7,4.85,3.0,113,178.6300048828125
AMAT,2025-02-28,165.0,3.53,3.15,3.4,18.0,130,178.6300048828125
AMAT,2025-02-28,160.0,2.42,2.07,2.28,25.0,109,178.6300048828125
AMAT,2025-02-28,155.0,1.55,1.44,1.53,20.0,89,178.6300048828125
AMAT,2025-02-28,150.0,0.96,0.37,1.03,28.0,81,178.6300048828125
AMAT,2025-02-28,145.0,0.62,0.59,0.71,3.0,21,178.6300048828125
AMAT,2025-02-28,140.0,0.64,0.24,0.6,1.0,21,178.6300048828125
AMAT,2025-02-28,135.0,0.26,0.11,0.43,10.0,19,178.6300048828125
INTU,2025-02-28,590.0,18.6,17.3,18.8,24.0,42,598.9600219726562
INTU,2025-02-28,580.0,18.9,13.6,14.4,1.0,38,598.9600219726562
INTU,2025-02-28,570.0,9.81,10.1,11.8,1.0,36,598.9600219726562
INTU,2025-02-28,560.0,8.64,7.9,8.5,58.0,82,598.9600219726562
INTU,2025-02-28,550.0,8.01,5.9,6.4,8.0,54,598.9600219726562
INTU,2025-02-28,540.0,6.01,4.4,4.8,5.0,38,598.9600219726562
INTU,2025-02-28,530.0,3.8,3.1,3.4,1.0,8,598.9600219726562
INTU,2025-02-28,520.0,3.0,2.35,2.6,1.0,17,598.9600219726562
INTU,2025-02-28,500.0,1.93,1.15,1.6,2.0,3,598.9600219726562
INTU,2025-02-28,480.0,0.6,0.05,0.95,1.0,2,598.9600219726562
ADI,2025-02-28,205.0,6.1,6.1,6.4,2.0,32,206.3350067138672
ADI,2025-02-28,200.0,1.75,4.2,4.3,1.0,22,206.3350067138672
ADI,2025-02-28,195.0,2.9,2.7,2.95,1.0,3,206.3350067138672
ADI,2025-02-28,190.0,1.0,1.8,2.05,1.0,1,206.3350067138672
ADI,2025-02-28,185.0,1.51,1.1,2.15,1.0,1,206.3350067138672
ADI,2025-02-28,180.0,0.75,0.65,1.5,,2,206.3350067138672
MU,2025-02-28,90.0,4.06,3.75,3.85,9.0,6718,90.84439849853516
MU,2025-02-28,89.0,3.8,3.3,3.4,11.0,510,90.84439849853516
MU,2025-02-28,88.0,3.1,2.94,3.0,3.0,204,90.84439849853516
MU,2025-02-28,87.0,2.66,2.55,2.63,10.0,31,90.84439849853516
MU,2025-02-28,86.0,2.89,2.21,2.26,10.0,445,90.84439849853516
MU,2025-02-28,85.0,2.1,1.93,1.98,15.0,1602,90.84439849853516
MU,2025-02-28,84.0,1.97,1.64,1.69,2.0,59,90.84439849853516
MU,2025-02-28,83.0,1.56,1.4,1.44,4.0,41,90.84439849853516
MU,2025-02-28,82.0,1.35,1.18,1.23,24.0,95,90.84439849853516
MU,2025-02-28,81.0,1.11,1.0,1.06,4.0,66,90.84439849853516
LULU,2025-02-28,415.0,9.92,11.3,11.95,1.0,6,416.17999267578125
LULU,2025-02-28,410.0,12.0,9.25,10.0,7.0,6,416.17999267578125
LULU,2025-02-28,405.0,10.0,7.4,7.95,11.0,16,416.17999267578125
LULU,2025-02-28,400.0,6.35,5.9,6.35,4.0,166,416.17999267578125
LULU,2025-02-28,395.0,5.8,4.7,5.1,9.0,20,416.17999267578125
LULU,2025-02-28,390.0,5.8,3.65,4.05,31.0,46,416.17999267578125
LULU,2025-02-28,385.0,4.47,2.79,3.25,1.0,12,416.17999267578125
LULU,2025-02-28,380.0,2.72,2.11,2.6,2.0,34,416.17999267578125
LULU,2025-02-28,375.0,2.18,1.73,2.09,11.0,18,416.17999267578125
LULU,2025-02-28,370.0,1.67,1.32,1.6,22.0,507,416.17999267578125
PLUG,2025-02-28,1.5,0.03,0.03,0.04,21.0,685,1.9850000143051147
PLUG,2025-02-28,1.0,0.01,0.0,0.02,10.0,14,1.9850000143051147
PLUG,2025-02-28,0.5,0.01,0.0,0.01,,1,1.9850000143051147
F,2025-02-28,10.0,0.48,0.46,0.47,182.0,3900,10.085000038146973
F,2025-02-28,9.5,0.23,0.24,0.26,13.0,3777,10.085000038146973
F,2025-02-28,9.0,0.13,0.12,0.13,9.0,1928,10.085000038146973
F,2025-02-28,8.5,0.06,0.05,0.07,11.0,941,10.085000038146973
F,2025-02-28,8.0,0.04,0.02,0.04,3.0,1555,10.085000038146973
F,2025-02-28,7.5,0.03,0.0,0.03,3.0,365,10.085000038146973
F,2025-02-28,7.0,0.02,0.0,0.03,5.0,15,10.085000038146973
F,2025-02-28,6.5,0.02,0.0,0.02,40.0,93,10.085000038146973
GM,2025-02-28,48.0,1.94,1.4,1.45,1.0,112,48.400001525878906
GM,2025-02-28,47.0,1.07,1.0,1.09,13.0,109,48.400001525878906
GM,2025-02-28,46.0,0.83,0.73,0.77,8.0,373,48.400001525878906
GM,2025-02-28,45.0,0.54,0.49,0.54,57.0,243,48.400001525878906
GM,2025-02-28,44.0,0.44,0.33,0.36,235.0,149,48.400001525878906
GM,2025-02-28,43.0,0.27,0.23,0.25,3.0,42,48.400001525878906
GM,2025-02-28,42.0,0.19,0.14,0.17,3.0,22,48.400001525878906
GM,2025-02-28,41.0,0.2,0.0,0.12,3.0,3,48.400001525878906
GM,2025-02-28,40.0,0.1,0.0,0.33,20.0,76,48.400001525878906
COF,2025-02-28,200.0,5.5,4.9,5.2,251.0,546,201.8350067138672
COF,2025-02-28,195.0,3.08,3.2,3.3,1.0,27,201.8350067138672
COF,2025-02-28,190.0,2.01,1.95,2.2,3.0,1113,201.8350067138672
COF,2025-02-28,185.0,1.23,1.1,1.35,1.0,49,201.8350067138672
COF,2025-02-28,180.0,0.77,0.45,1.1,1.0,479,201.8350067138672
COF,2025-02-28,175.0,0.47,0.4,0.55,2.0,15,201.8350067138672
COF,2025-02-28,170.0,0.2,0.0,1.8,1.0,519,201.8350067138672
COF,2025-02-28,165.0,0.25,0.1,0.85,2.0,9,201.8350067138672
COF,2025-02-28,160.0,0.3,0.0,0.75,10.0,3,201.8350067138672
COF,2025-02-28,140.0,0.3,0.0,0.75,1.0,1,201.8350067138672
STZ,2025-02-28,170.0,3.2,4.0,4.4,21.0,27,173.49000549316406
STZ,2025-02-28,165.0,1.94,2.3,2.6,2.0,7,173.49000549316406
STZ,2025-02-28,160.0,1.04,1.2,1.4,1.0,91,173.49000549316406
STZ,2025-02-28,155.0,0.7,0.6,0.75,11.0,10,173.49000549316406
STZ,2025-02-28,140.0,1.2,0.0,0.75,1.0,1,173.49000549316406
KMX,2025-02-21,82.5,1.5,1.45,1.55,3.0,214,83.93000030517578
KMX,2025-02-21,80.0,0.85,0.7,0.85,2.0,226,83.93000030517578
KMX,2025-02-21,77.5,0.45,0.35,0.45,100.0,433,83.93000030517578
KMX,2025-02-21,75.0,0.2,0.15,0.25,5.0,451,83.93000030517578
KMX,2025-02-21,72.5,0.11,0.0,0.3,3.0,29,83.93000030517578
KMX,2025-02-21,70.0,0.11,0.0,0.25,101.0,698,83.93000030517578
KMX,2025-02-21,65.0,0.1,0.0,0.2,5.0,17,83.93000030517578
KMX,2025-02-21,60.0,0.02,0.0,0.15,,4,83.93000030517578
KMX,2025-02-21,55.0,0.05,0.0,0.15,6.0,4,83.93000030517578
TSCO,2025-02-28,54.0,1.22,1.1,1.2,10.0,11,54.470001220703125
TSCO,2025-02-28,53.0,0.74,0.6,0.85,1.0,87,54.470001220703125
TSCO,2025-02-28,52.0,0.8,0.5,0.55,1.0,7,54.470001220703125
TSCO,2025-02-28,49.0,0.05,0.1,0.2,10.0,0,54.470001220703125
TSCO,2025-02-28,48.0,0.1,0.05,0.15,10.0,10,54.470001220703125
LMT,2025-02-28,450.0,6.8,6.8,7.2,5.0,51,453.8800048828125
LMT,2025-02-28,445.0,5.65,4.9,5.4,1.0,46,453.8800048828125
LMT,2025-02-28,440.0,3.6,3.6,4.0,20.0,30,453.8800048828125
LMT,2025-02-28,435.0,3.0,2.6,2.9,3.0,21,453.8800048828125
LMT,2025-02-28,430.0,1.9,1.85,2.0,3.0,53,453.8800048828125
LMT,2025-02-28,425.0,1.37,1.3,1.45,1.0,7,453.8800048828125
LMT,2025-02-28,420.0,1.0,0.9,1.1,10.0,50,453.8800048828125
LMT,2025-02-28,415.0,0.85,0.7,0.85,1.0,5,453.8800048828125
LMT,2025-02-28,400.0,0.6,0.0,1.5,,1,453.8800048828125
LMT,2025-02-28,335.0,0.1,0.0,0.1,1.0,2,453.8800048828125
SHOP,2025-02-28,119.0,8.45,8.95,9.15,5.0,99,119.0199966430664
SHOP,2025-02-28,118.0,8.4,8.45,8.6,5.0,0,119.0199966430664
SHOP,2025-02-28,117.0,7.58,8.0,8.15,20.0,68,119.0199966430664
SHOP,2025-02-28,116.0,10.37,7.45,7.65,1.0,13,119.0199966430664
SHOP,2025-02-28,115.0,7.0,7.0,7.2,48.0,55,119.0199966430664
SHOP,2025-02-28,114.0,7.11,6.6,6.75,7.0,6,119.0199966430664
SHOP,2025-02-28,113.0,16.14,6.15,6.3,,3,119.0199966430664
SHOP,2025-02-28,112.0,6.83,5.75,5.9,4.0,19,119.0199966430664
SHOP,2025-02-28,111.0,5.7,5.4,5.5,31.0,31,119.0199966430664
SHOP,2025-02-28,110.0,4.93,5.0,5.15,1.0,23,119.0199966430664
BIDU,2025-02-28,93.0,6.95,5.0,5.2,1.0,15,93.5
BIDU,2025-02-28,92.0,4.64,4.4,4.5,1.0,31,93.5
BIDU,2025-02-28,91.0,6.48,3.95,4.1,8.0,15,93.5
BIDU,2025-02-28,90.0,3.6,3.5,3.65,97.0,55,93.5
BIDU,2025-02-28,89.0,3.6,3.1,3.2,2.0,89,93.5
BIDU,2025-02-28,88.0,4.18,2.64,2.79,18.0,23,93.5
BIDU,2025-02-28,87.0,2.26,2.3,2.43,5.0,6,93.5
BIDU,2025-02-28,86.0,2.47,2.02,2.12,17.0,44,93.5
BIDU,2025-02-28,85.0,2.5,1.74,1.92,8.0,63,93.5
BIDU,2025-02-28,84.0,2.2,1.47,1.57,2.0,103,93.5
SPG,2025-02-21,170.0,2.67,2.5,2.7,4.0,666,173.5
SPG,2025-02-21,165.0,1.4,1.3,1.45,17.0,1766,173.5
SPG,2025-02-21,160.0,0.75,0.65,0.75,36.0,126,173.5
SPG,2025-02-21,155.0,0.45,0.35,0.45,21.0,76,173.5
SPG,2025-02-21,150.0,0.3,0.2,0.3,1.0,68,173.5
SPG,2025-02-21,145.0,0.2,0.1,0.45,1.0,129,173.5
SPG,2025-02-21,140.0,0.25,0.0,0.2,10.0,77,173.5
SPG,2025-02-21,135.0,0.05,0.0,0.1,3.0,2,173.5
SPG,2025-02-21,130.0,0.12,0.0,0.25,,27,173.5
SPG,2025-02-21,125.0,0.08,0.0,0.1,1.0,4,173.5
MELI,2025-02-28,1900.0,108.0,69.5,75.2,1.0,1,1956.760009765625
MELI,2025-02-28,1890.0,189.86,63.6,70.5,,1,1956.760009765625
MELI,2025-02-28,1880.0,101.03,60.8,68.0,2.0,3,1956.760009765625
MELI,2025-02-28,1870.0,107.96,57.7,63.0,,1,1956.760009765625
MELI,2025-02-28,1860.0,54.0,53.6,60.2,,2,1956.760009765625
MELI,2025-02-28,1840.0,80.0,47.3,53.6,1.0,1,1956.760009765625
MELI,2025-02-28,1800.0,59.2,34.4,42.5,1.0,2,1956.760009765625
MELI,2025-02-28,1780.0,65.28,31.3,38.0,1.0,1,1956.760009765625
MELI,2025-02-28,1770.0,29.53,29.5,35.0,1.0,1,1956.760009765625
MELI,2025-02-28,1760.0,50.38,26.3,31.3,2.0,4,1956.760009765625
BA,2025-02-28,175.0,5.4,5.3,5.5,7.0,217,175.30999755859375
BA,2025-02-28,170.0,3.4,3.15,3.3,54.0,319,175.30999755859375
BA,2025-02-28,165.0,1.87,1.84,1.95,18.0,322,175.30999755859375
BA,2025-02-28,160.0,1.01,0.94,1.04,14.0,336,175.30999755859375
BA,2025-02-28,155.0,0.56,0.53,0.56,12.0,208,175.30999755859375
BA,2025-02-28,150.0,0.33,0.12,0.42,60.0,280,175.30999755859375
BA,2025-02-28,145.0,0.18,0.08,0.26,7.0,169,175.30999755859375
BA,2025-02-28,140.0,0.13,0.1,0.15,1.0,61,175.30999755859375
BA,2025-02-28,135.0,0.08,0.05,0.29,2.0,17,175.30999755859375
BA,2025-02-28,130.0,0.11,0.01,0.28,1.0,2,175.30999755859375
GS,2025-02-28,635.0,16.85,11.85,14.05,14.0,152,636.25
GS,2025-02-28,630.0,18.55,11.3,11.8,9.0,43,636.25
GS,2025-02-28,625.0,10.13,9.4,9.9,27.0,113,636.25
GS,2025-02-28,620.0,8.75,7.8,8.4,6.0,48,636.25
GS,2025-02-28,615.0,8.33,6.45,6.8,1.0,76,636.25
GS,2025-02-28,610.0,5.42,5.25,5.6,2.0,47,636.25
GS,2025-02-28,605.0,5.11,4.25,4.7,8.0,90,636.25
GS,2025-02-28,600.0,4.08,3.5,3.75,3.0,90,636.25
GS,2025-02-28,595.0,4.14,1.37,4.75,5.0,22,636.25
GS,2025-02-28,590.0,2.6,2.37,2.54,10.0,128,636.25
CAT,2025-02-28,360.0,8.07,7.7,8.1,31.0,70,361.80999755859375
CAT,2025-02-28,355.0,6.52,5.5,6.25,1.0,54,361.80999755859375
CAT,2025-02-28,350.0,4.9,4.25,4.65,4.0,46,361.80999755859375
CAT,2025-02-28,345.0,3.48,3.05,3.35,9.0,30,361.80999755859375
CAT,2025-02-28,340.0,2.59,2.23,2.51,4.0,38,361.80999755859375
CAT,2025-02-28,335.0,2.11,1.65,2.38,6.0,8,361.80999755859375
CAT,2025-02-28,330.0,1.06,1.12,1.31,8.0,331,361.80999755859375
CAT,2025-02-28,325.0,1.23,0.0,0.99,7.0,8,361.80999755859375
CAT,2025-02-28,320.0,0.77,0.34,0.78,3.0,21,361.80999755859375
CAT,2025-02-28,315.0,0.69,0.0,1.75,,20,361.80999755859375
HLT,2025-02-21,250.0,3.6,3.4,3.8,1.0,1953,257.8299865722656
HLT,2025-02-21,240.0,1.65,1.55,1.8,1.0,157,257.8299865722656
HLT,2025-02-21,230.0,0.85,0.75,1.0,1.0,382,257.8299865722656
HLT,2025-02-21,220.0,0.77,0.4,0.65,9.0,179,257.8299865722656
HLT,2025-02-21,210.0,0.5,0.0,1.55,2.0,43,257.8299865722656
HLT,2025-02-21,200.0,0.66,0.0,0.45,1.0,7,257.8299865722656
HLT,2025-02-21,195.0,0.61,0.0,1.65,,6,257.8299865722656
HLT,2025-02-21,190.0,0.14,0.0,0.75,1.0,2,257.8299865722656
HLT,2025-02-21,170.0,0.23,0.0,0.45,,1,257.8299865722656
TGT,2025-02-28,136.0,6.0,4.1,4.4,2.0,47,136.52999877929688
TGT,2025-02-28,135.0,4.3,3.6,3.75,5.0,47,136.52999877929688
TGT,2025-02-28,134.0,3.9,3.1,3.25,9.0,141,136.52999877929688
TGT,2025-02-28,133.0,2.9,2.75,3.0,10.0,68,136.52999877929688
TGT,2025-02-28,132.0,3.1,2.37,2.61,5.0,898,136.52999877929688
TGT,2025-02-28,131.0,2.04,2.02,2.12,24.0,70,136.52999877929688
TGT,2025-02-28,130.0,1.74,1.73,1.82,12.0,148,136.52999877929688
TGT,2025-02-28,129.0,1.91,1.45,1.53,14.0,51,136.52999877929688
TGT,2025-02-28,128.0,1.65,1.22,1.31,6.0,36,136.52999877929688
TGT,2025-02-28,127.0,1.2,1.03,1.12,6.0,19,136.52999877929688
DOW,2025-02-28,38.0,1.74,1.14,1.19,12.0,166,38.39500045776367
DOW,2025-02-28,37.0,0.81,0.7,0.79,3.0,151,38.39500045776367
DOW,2025-02-28,36.0,0.55,0.42,0.47,14.0,148,38.39500045776367
DOW,2025-02-28,35.0,0.42,0.24,0.32,8.0,53,38.39500045776367
DOW,2025-02-28,34.0,0.27,0.14,0.18,6.0,17,38.39500045776367
DOW,2025-02-28,33.0,0.19,0.03,0.12,1.0,39,38.39500045776367
DOW,2025-02-28,32.0,0.08,0.01,0.09,1.0,10,38.39500045776367
COP,2025-02-28,100.0,3.05,2.86,3.05,2.0,48,100.29000091552734
COP,2025-02-28,99.0,3.27,2.4,2.55,1.0,21,100.29000091552734
COP,2025-02-28,98.0,2.78,1.97,2.17,3.0,110,100.29000091552734
COP,2025-02-28,97.0,2.17,1.58,1.92,3.0,11,100.29000091552734
COP,2025-02-28,96.0,1.46,1.28,1.43,10.0,10,100.29000091552734
COP,2025-02-28,95.0,1.4,1.04,1.15,5.0,48,100.29000091552734
COP,2025-02-28,94.0,1.35,0.8,0.93,1.0,3,100.29000091552734
COP,2025-02-28,92.0,0.88,0.48,0.64,2.0,30,100.29000091552734
COP,2025-02-28,91.0,0.55,0.18,0.99,1.0,1,100.29000091552734
COP,2025-02-28,90.0,0.55,0.27,0.4,5.0,12,100.29000091552734
BA,2025-02-28,175.0,5.4,5.3,5.5,7.0,217,175.30999755859375
BA,2025-02-28,170.0,3.4,3.15,3.3,54.0,319,175.30999755859375
BA,2025-02-28,165.0,1.87,1.84,1.95,18.0,322,175.30999755859375
BA,2025-02-28,160.0,1.01,0.94,1.04,14.0,336,175.30999755859375
BA,2025-02-28,155.0,0.56,0.53,0.56,12.0,208,175.30999755859375
BA,2025-02-28,150.0,0.33,0.12,0.42,60.0,280,175.30999755859375
BA,2025-02-28,145.0,0.18,0.08,0.26,7.0,169,175.30999755859375
BA,2025-02-28,140.0,0.13,0.1,0.15,1.0,61,175.30999755859375
BA,2025-02-28,135.0,0.08,0.05,0.29,2.0,17,175.30999755859375
BA,2025-02-28,130.0,0.11,0.01,0.28,1.0,2,175.30999755859375
NKE,2025-02-28,76.0,1.66,1.68,1.74,11.0,59,76.62999725341797
NKE,2025-02-28,75.0,1.0,1.29,1.34,1.0,1945,76.62999725341797
NKE,2025-02-28,74.0,1.0,0.97,1.03,9.0,151,76.62999725341797
NKE,2025-02-28,73.0,0.75,0.73,0.79,2.0,54,76.62999725341797
NKE,2025-02-28,72.0,0.49,0.54,0.77,13.0,289,76.62999725341797
NKE,2025-02-28,71.0,0.41,0.4,0.46,3.0,88,76.62999725341797
NKE,2025-02-28,70.0,0.27,0.3,0.34,6.0,344,76.62999725341797
NKE,2025-02-28,69.0,0.4,0.23,0.34,25.0,190,76.62999725341797
NKE,2025-02-28,68.0,0.2,0.17,0.36,9.0,67,76.62999725341797
NKE,2025-02-28,67.0,0.18,0.13,0.18,30.0,71,76.62999725341797
LULU,2025-02-28,415.0,9.92,11.3,11.95,1.0,6,416.17999267578125
LULU,2025-02-28,410.0,12.0,9.25,10.0,7.0,6,416.17999267578125
LULU,2025-02-28,405.0,10.0,7.5,7.95,11.0,16,416.17999267578125
LULU,2025-02-28,400.0,6.35,5.9,6.35,4.0,166,416.17999267578125
LULU,2025-02-28,395.0,5.8,4.7,5.1,9.0,20,416.17999267578125
LULU,2025-02-28,390.0,5.8,3.65,4.05,31.0,46,416.17999267578125
LULU,2025-02-28,385.0,4.47,2.79,3.25,1.0,12,416.17999267578125
LULU,2025-02-28,380.0,2.72,2.16,2.57,2.0,34,416.17999267578125
LULU,2025-02-28,375.0,2.18,1.73,2.09,11.0,18,416.17999267578125
LULU,2025-02-28,370.0,1.67,1.32,1.6,22.0,507,416.17999267578125
GS,2025-02-28,635.0,16.85,11.85,14.05,14.0,152,636.25
GS,2025-02-28,630.0,18.55,11.3,11.8,9.0,43,636.25
GS,2025-02-28,625.0,10.13,9.4,9.9,27.0,113,636.25
GS,2025-02-28,620.0,8.75,7.8,8.4,6.0,48,636.25
GS,2025-02-28,615.0,8.33,6.45,6.8,1.0,76,636.25
GS,2025-02-28,610.0,5.42,5.25,5.6,2.0,47,636.25
GS,2025-02-28,605.0,5.11,4.25,4.7,8.0,90,636.25
GS,2025-02-28,600.0,4.08,3.5,3.75,3.0,90,636.25
GS,2025-02-28,595.0,4.14,1.37,4.75,5.0,22,636.25
GS,2025-02-28,590.0,2.6,2.38,2.61,10.0,128,636.25
JNJ,2025-02-28,152.5,2.7,2.51,2.61,3.0,7,153.21499633789062
JNJ,2025-02-28,150.0,1.5,1.46,1.55,14.0,561,153.21499633789062
JNJ,2025-02-28,149.0,1.3,1.18,1.25,34.0,74,153.21499633789062
JNJ,2025-02-28,148.0,1.05,0.93,1.0,1.0,136,153.21499633789062
JNJ,2025-02-28,147.0,0.86,0.74,0.81,15.0,23,153.21499633789062
JNJ,2025-02-28,146.0,0.99,0.58,0.64,9.0,57,153.21499633789062
JNJ,2025-02-28,145.0,0.76,0.46,0.51,89.0,128,153.21499633789062
JNJ,2025-02-28,144.0,0.35,0.37,0.4,5.0,165,153.21499633789062
JNJ,2025-02-28,143.0,0.35,0.3,0.4,2.0,34,153.21499633789062
JNJ,2025-02-28,142.0,0.51,0.24,0.29,3.0,230,153.21499633789062
JPM,2025-02-28,265.0,3.4,3.5,3.65,15.0,190,268.2900085449219
JPM,2025-02-28,260.0,2.05,2.11,2.21,98.0,647,268.2900085449219
JPM,2025-02-28,255.0,1.3,1.3,1.38,14.0,213,268.2900085449219
JPM,2025-02-28,250.0,0.8,0.81,0.86,6.0,334,268.2900085449219
JPM,2025-02-28,245.0,0.7,0.55,0.59,36.0,161,268.2900085449219
JPM,2025-02-28,240.0,0.4,0.4,0.44,11.0,107,268.2900085449219
JPM,2025-02-28,235.0,0.39,0.29,0.34,12.0,73,268.2900085449219
JPM,2025-02-28,230.0,0.25,0.22,0.27,3.0,113,268.2900085449219
JPM,2025-02-28,225.0,0.21,0.16,0.21,11.0,58,268.2900085449219
JPM,2025-02-28,220.0,0.2,0.0,4.8,17.0,16,268.2900085449219
MSFT,2025-02-28,410.0,7.5,7.5,7.65,94.0,1280,412.32000732421875
MSFT,2025-02-28,405.0,5.92,5.55,5.6,81.0,1604,412.32000732421875
MSFT,2025-02-28,400.0,4.2,4.1,4.2,136.0,1849,412.32000732421875
MSFT,2025-02-28,395.0,3.14,3.0,3.1,62.0,1523,412.32000732421875
MSFT,2025-02-28,390.0,2.29,2.17,2.23,95.0,1236,412.32000732421875
MSFT,2025-02-28,385.0,1.63,1.59,1.65,157.0,807,412.32000732421875
MSFT,2025-02-28,380.0,1.28,1.15,1.2,233.0,561,412.32000732421875
MSFT,2025-02-28,375.0,0.96,0.88,0.91,154.0,564,412.32000732421875
MSFT,2025-02-28,370.0,0.73,0.66,0.69,27.0,289,412.32000732421875
MSFT,2025-02-28,365.0,0.53,0.52,0.55,3.0,184,412.32000732421875
V,2025-02-28,345.0,5.84,6.05,6.3,4.0,90,345.7699890136719
V,2025-02-28,340.0,3.86,3.95,4.2,4.0,62,345.7699890136719
V,2025-02-28,335.0,3.3,2.57,2.71,5.0,106,345.7699890136719
V,2025-02-28,330.0,1.75,1.62,1.75,22.0,57,345.7699890136719
V,2025-02-28,325.0,1.29,1.03,1.12,6.0,86,345.7699890136719
V,2025-02-28,320.0,0.95,0.69,0.76,22.0,104,345.7699890136719
V,2025-02-28,315.0,0.58,0.48,0.53,1.0,133,345.7699890136719
V,2025-02-28,310.0,0.41,0.3,0.48,1.0,94,345.7699890136719
V,2025-02-28,305.0,0.3,0.21,0.33,4.0,199,345.7699890136719
V,2025-02-28,300.0,0.26,0.15,0.33,2.0,28,345.7699890136719
TSLA,2025-02-28,385.0,21.6,20.4,20.55,143.0,664,386.2358093261719
TSLA,2025-02-28,380.0,17.9,17.9,18.05,259.0,1216,386.2358093261719
TSLA,2025-02-28,375.0,15.58,15.55,15.7,78.0,961,386.2358093261719
TSLA,2025-02-28,370.0,14.36,13.35,13.45,124.0,1707,386.2358093261719
TSLA,2025-02-28,365.0,12.27,11.4,11.5,181.0,685,386.2358093261719
TSLA,2025-02-28,360.0,9.99,9.8,9.9,126.0,1613,386.2358093261719
TSLA,2025-02-28,355.0,8.44,8.2,8.3,524.0,921,386.2358093261719
TSLA,2025-02-28,350.0,7.05,6.9,7.05,380.0,2511,386.2358093261719
TSLA,2025-02-28,345.0,5.85,5.8,5.9,165.0,760,386.2358093261719
TSLA,2025-02-28,340.0,4.85,4.75,4.85,101.0,1400,386.2358093261719
XOM,2025-02-28,110.0,2.82,2.71,2.77,47.0,83,110.1500015258789
XOM,2025-02-28,109.0,2.25,2.18,2.24,13.0,132,110.1500015258789
XOM,2025-02-28,108.0,1.89,1.77,1.85,12.0,217,110.1500015258789
XOM,2025-02-28,107.0,2.73,1.41,1.46,7.0,86,110.1500015258789
XOM,2025-02-28,106.0,1.67,1.11,1.17,1.0,150,110.1500015258789
XOM,2025-02-28,105.0,0.9,0.89,0.92,22.0,248,110.1500015258789
XOM,2025-02-28,104.0,0.73,0.66,0.74,15.0,100,110.1500015258789
XOM,2025-02-28,103.0,0.62,0.52,0.57,3.0,216,110.1500015258789
XOM,2025-02-28,102.0,0.44,0.4,0.49,24.0,177,110.1500015258789
XOM,2025-02-28,101.0,0.39,0.25,0.35,2.0,81,110.1500015258789
PFE,2025-02-28,25.0,0.27,0.28,0.29,386.0,948,25.91360092163086
PFE,2025-02-28,24.0,0.1,0.09,0.12,192.0,17892,25.91360092163086
PFE,2025-02-28,23.0,0.04,0.0,0.07,60.0,32,25.91360092163086
PFE,2025-02-28,22.0,0.08,0.0,0.06,10.0,12,25.91360092163086
WMT,2025-02-28,100.0,2.9,2.85,2.9,140.0,427,100.66999816894531
WMT,2025-02-28,99.0,2.56,2.41,2.47,16.0,183,100.66999816894531
WMT,2025-02-28,98.0,2.0,2.01,2.07,20.0,311,100.66999816894531
WMT,2025-02-28,97.0,1.64,1.66,1.74,100.0,1259,100.66999816894531
WMT,2025-02-28,96.0,1.48,1.37,1.42,16.0,48,100.66999816894531
WMT,2025-02-28,95.0,1.12,1.13,1.17,125.0,367,100.66999816894531
WMT,2025-02-28,94.0,0.92,0.91,0.95,153.0,430,100.66999816894531
WMT,2025-02-28,93.0,0.75,0.73,0.77,10.0,497,100.66999816894531
WMT,2025-02-28,92.0,0.64,0.59,0.63,3.0,632,100.66999816894531
WMT,2025-02-28,91.0,0.62,0.48,0.52,60.0,258,100.66999816894531
GE,2025-02-28,200.0,3.49,4.4,4.55,10.0,71,201.6300048828125
GE,2025-02-28,195.0,2.5,2.65,2.75,3.0,47,201.6300048828125
GE,2025-02-28,190.0,1.4,1.48,1.78,4.0,80,201.6300048828125
GE,2025-02-28,185.0,0.83,0.7,0.92,1.0,73,201.6300048828125
GE,2025-02-28,180.0,0.45,0.41,0.53,3.0,354,201.6300048828125
GE,2025-02-28,175.0,0.29,0.0,0.65,1.0,128,201.6300048828125
GE,2025-02-28,170.0,0.11,0.1,0.99,1.0,24,201.6300048828125
GE,2025-02-28,165.0,0.28,0.0,0.75,15.0,47,201.6300048828125
GE,2025-02-28,160.0,0.5,0.0,0.42,1.0,60,201.6300048828125
GE,2025-02-28,155.0,0.41,0.0,1.22,1.0,8,201.6300048828125
T,2025-02-28,24.0,0.3,0.24,0.27,7.0,415,24.405000686645508
T,2025-02-28,23.5,0.16,0.13,0.15,11.0,163,24.405000686645508
T,2025-02-28,23.0,0.08,0.07,0.09,10.0,552,24.405000686645508
T,2025-02-28,22.5,0.05,0.04,0.06,1.0,104,24.405000686645508
T,2025-02-28,22.0,0.04,0.03,0.05,21.0,131,24.405000686645508
T,2025-02-28,21.5,0.05,0.0,1.29,1.0,195,24.405000686645508
T,2025-02-28,21.0,0.04,0.0,0.25,11.0,156,24.405000686645508
T,2025-02-28,20.5,0.1,0.0,0.09,1.0,52,24.405000686645508
T,2025-02-28,20.0,0.03,0.0,1.27,50.0,160,24.405000686645508
T,2025-02-28,19.5,0.01,0.0,0.25,1.0,154,24.405000686645508
VZ,2025-02-28,39.0,0.35,0.3,0.33,11.0,455,39.78499984741211
VZ,2025-02-28,38.0,0.11,0.12,0.14,27.0,1156,39.78499984741211
VZ,2025-02-28,37.0,0.06,0.05,0.06,10.0,133,39.78499984741211
VZ,2025-02-28,36.0,0.05,0.0,0.16,1.0,86,39.78499984741211
VZ,2025-02-28,35.0,0.05,0.01,0.5,5.0,43,39.78499984741211
VZ,2025-02-28,34.0,0.14,0.0,0.75,,1,39.78499984741211
VZ,2025-02-28,33.0,0.01,0.0,0.75,3.0,4,39.78499984741211
AMZN,2025-02-28,240.0,8.67,8.65,8.75,64.0,275,241.8300018310547
AMZN,2025-02-28,235.0,6.59,6.5,6.55,20.0,474,241.8300018310547
AMZN,2025-02-28,230.0,4.88,4.8,4.85,91.0,450,241.8300018310547
AMZN,2025-02-28,225.0,3.53,3.45,3.6,101.0,515,241.8300018310547
AMZN,2025-02-28,220.0,2.55,2.47,2.54,27.0,712,241.8300018310547
AMZN,2025-02-28,215.0,1.77,1.73,1.77,97.0,1106,241.8300018310547
AMZN,2025-02-28,210.0,1.25,1.23,1.26,408.0,809,241.8300018310547
AMZN,2025-02-28,205.0,0.9,0.87,0.89,77.0,2770,241.8300018310547
AMZN,2025-02-28,200.0,0.65,0.63,0.65,31.0,917,241.8300018310547
AMZN,2025-02-28,195.0,0.48,0.47,0.48,553.0,254,241.8300018310547
BABA,2025-02-28,102.0,4.95,4.85,5.0,82.0,112,102.97000122070312
BABA,2025-02-28,101.0,4.4,4.3,4.5,26.0,19,102.97000122070312
BABA,2025-02-28,100.0,3.95,3.85,4.05,25.0,378,102.97000122070312
BABA,2025-02-28,99.0,3.55,3.45,3.55,4.0,32,102.97000122070312
BABA,2025-02-28,98.0,3.15,3.0,3.1,10.0,1061,102.97000122070312
BABA,2025-02-28,97.0,2.81,2.67,2.74,14.0,98,102.97000122070312
BABA,2025-02-28,96.0,2.39,2.3,2.4,56.0,145,102.97000122070312
BABA,2025-02-28,95.0,2.08,2.0,2.08,45.0,224,102.97000122070312
BABA,2025-02-28,94.0,1.75,1.72,1.83,10.0,473,102.97000122070312
BABA,2025-02-28,93.0,1.53,1.47,1.54,2.0,94,102.97000122070312
CSCO,2025-02-28,61.0,1.87,1.57,1.62,14.0,22,61.459999084472656
CSCO,2025-02-28,60.0,1.57,1.17,1.21,25.0,167,61.459999084472656
CSCO,2025-02-28,59.0,1.13,0.85,0.89,6.0,85,61.459999084472656
CSCO,2025-02-28,58.0,0.79,0.61,0.65,17.0,63,61.459999084472656
CSCO,2025-02-28,57.0,0.54,0.43,0.47,2.0,317,61.459999084472656
CSCO,2025-02-28,56.0,0.42,0.0,0.34,4.0,53,61.459999084472656
CSCO,2025-02-28,55.0,0.31,0.0,0.25,1.0,16,61.459999084472656
CSCO,2025-02-28,54.0,0.25,0.15,0.2,1.0,17,61.459999084472656
CSCO,2025-02-28,53.0,0.16,0.13,0.15,1.0,7,61.459999084472656
CSCO,2025-02-28,52.0,0.13,0.0,0.16,2.0,5,61.459999084472656
NVDA,2025-02-28,118.0,7.75,7.6,7.65,564.0,823,118.69000244140625
NVDA,2025-02-28,117.0,7.17,7.1,7.2,281.0,876,118.69000244140625
NVDA,2025-02-28,116.0,6.7,6.65,6.75,78.0,961,118.69000244140625
NVDA,2025-02-28,115.0,6.2,6.2,6.3,1530.0,19288,118.69000244140625
NVDA,2025-02-28,114.0,5.9,5.75,5.85,63.0,816,118.69000244140625
NVDA,2025-02-28,113.0,5.45,5.4,5.45,370.0,758,118.69000244140625
NVDA,2025-02-28,112.0,5.0,4.95,5.05,107.0,1157,118.69000244140625
NVDA,2025-02-28,111.0,4.75,4.65,4.7,583.0,1247,118.69000244140625
NVDA,2025-02-28,110.0,4.3,4.25,4.35,5293.0,14945,118.69000244140625
NVDA,2025-02-28,109.0,4.1,3.95,4.05,33.0,770,118.69000244140625
AAPL,2025-02-28,230.0,4.35,4.4,4.45,181.0,1837,232.59500122070312
AAPL,2025-02-28,225.0,2.92,2.75,2.8,215.0,1923,232.59500122070312
AAPL,2025-02-28,220.0,1.68,1.67,1.7,371.0,2702,232.59500122070312
AAPL,2025-02-28,215.0,1.02,1.03,1.06,118.0,1066,232.59500122070312
AAPL,2025-02-28,210.0,0.66,0.64,0.67,124.0,978,232.59500122070312
AAPL,2025-02-28,205.0,0.45,0.43,0.45,41.0,989,232.59500122070312
AAPL,2025-02-28,200.0,0.33,0.31,0.33,84.0,1315,232.59500122070312
AAPL,2025-02-28,195.0,0.25,0.23,0.25,12.0,945,232.59500122070312
AAPL,2025-02-28,190.0,0.2,0.19,0.21,37.0,405,232.59500122070312
AAPL,2025-02-28,185.0,0.21,0.16,0.17,101.0,552,232.59500122070312
GOOGL,2025-02-28,200.0,5.53,5.5,5.6,106.0,596,204.7550048828125
GOOGL,2025-02-28,195.0,3.7,3.7,3.8,217.0,1254,204.7550048828125
GOOGL,2025-02-28,190.0,2.4,2.4,2.46,52.0,557,204.7550048828125
GOOGL,2025-02-28,185.0,1.55,1.53,1.57,158.0,1092,204.7550048828125
GOOGL,2025-02-28,180.0,1.0,0.95,1.0,55.0,656,204.7550048828125
GOOGL,2025-02-28,175.0,0.62,0.6,0.64,36.0,499,204.7550048828125
GOOGL,2025-02-28,170.0,0.41,0.4,0.43,25.0,282,204.7550048828125
GOOGL,2025-02-28,165.0,0.3,0.28,0.31,3.0,139,204.7550048828125
GOOGL,2025-02-28,160.0,0.2,0.2,0.23,5.0,59,204.7550048828125
GOOGL,2025-02-28,155.0,0.23,0.15,0.18,14.0,18,204.7550048828125
INTC,2025-02-28,19.0,0.77,0.74,0.77,21.0,3918,19.375
INTC,2025-02-28,18.5,0.56,0.54,0.56,33.0,1299,19.375
INTC,2025-02-28,18.0,0.4,0.38,0.4,162.0,1217,19.375
INTC,2025-02-28,17.5,0.26,0.25,0.27,14.0,752,19.375
INTC,2025-02-28,17.0,0.18,0.17,0.19,120.0,734,19.375
INTC,2025-02-28,16.5,0.12,0.09,0.12,20.0,418,19.375
INTC,2025-02-28,16.0,0.19,0.06,0.07,2.0,358,19.375
INTC,2025-02-28,15.5,0.03,0.03,0.17,15.0,154,19.375
INTC,2025-02-28,15.0,0.04,0.01,0.2,61.0,566,19.375
INTC,2025-02-28,12.5,0.04,0.0,0.17,2.0,4,19.375
AMT,2025-02-21,180.0,2.2,2.25,2.45,3.0,783,184.07000732421875
AMT,2025-02-21,175.0,1.06,0.95,1.2,4.0,290,184.07000732421875
AMT,2025-02-21,170.0,0.43,0.4,0.55,4.0,317,184.07000732421875
AMT,2025-02-21,165.0,0.25,0.2,0.3,2.0,183,184.07000732421875
AMT,2025-02-21,160.0,0.2,0.0,0.2,1.0,220,184.07000732421875
AMT,2025-02-21,155.0,0.18,0.05,0.2,1.0,44,184.07000732421875
AMT,2025-02-21,150.0,0.68,0.0,0.55,1.0,18,184.07000732421875
AMT,2025-02-21,145.0,0.05,0.0,0.45,1.0,6,184.07000732421875
AMT,2025-02-21,140.0,0.4,0.0,0.25,5.0,3,184.07000732421875
AMT,2025-02-21,125.0,0.2,0.0,0.4,,80,184.07000732421875
CVX,2025-02-28,152.5,3.4,3.4,3.5,5.0,240,153.15719604492188
CVX,2025-02-28,150.0,2.56,2.25,2.38,10.0,348,153.15719604492188
CVX,2025-02-28,149.0,2.17,1.88,2.01,18.0,96,153.15719604492188
CVX,2025-02-28,148.0,3.05,1.58,1.78,9.0,122,153.15719604492188
CVX,2025-02-28,147.0,2.66,1.3,1.4,15.0,67,153.15719604492188
CVX,2025-02-28,146.0,2.02,1.08,1.17,2.0,32,153.15719604492188
CVX,2025-02-28,145.0,0.95,0.87,0.95,7.0,214,153.15719604492188
CVX,2025-02-28,144.0,0.78,0.74,0.8,1.0,30,153.15719604492188
CVX,2025-02-28,143.0,1.16,0.61,0.68,22.0,80,153.15719604492188
CVX,2025-02-28,142.0,0.7,0.5,0.56,1.0,148,153.15719604492188
META,2025-02-28,700.0,18.5,18.15,18.5,291.0,241,704.5599975585938
META,2025-02-28,695.0,16.0,16.25,16.5,50.0,101,704.5599975585938
META,2025-02-28,690.0,14.6,14.05,14.35,53.0,254,704.5599975585938
META,2025-02-28,685.0,12.6,12.5,12.75,53.0,80,704.5599975585938
META,2025-02-28,680.0,11.15,10.9,11.15,77.0,182,704.5599975585938
META,2025-02-28,675.0,9.52,9.3,9.55,35.0,184,704.5599975585938
META,2025-02-28,670.0,8.35,8.05,8.4,204.0,364,704.5599975585938
META,2025-02-28,665.0,7.25,7.0,7.2,10.0,102,704.5599975585938
META,2025-02-28,660.0,6.34,6.15,6.35,66.0,407,704.5599975585938
META,2025-02-28,655.0,5.45,5.2,5.4,50.0,290,704.5599975585938
WFC,2025-02-28,79.0,1.76,1.77,1.83,41.0,32,79.30000305175781
WFC,2025-02-28,78.0,2.01,1.34,1.39,6.0,26,79.30000305175781
WFC,2025-02-28,77.0,1.18,1.03,1.08,6.0,203,79.30000305175781
WFC,2025-02-28,76.0,0.76,0.73,0.78,12.0,122,79.30000305175781
WFC,2025-02-28,75.0,0.54,0.55,0.6,7.0,177,79.30000305175781
WFC,2025-02-28,74.0,0.65,0.39,0.45,5.0,53,79.30000305175781
WFC,2025-02-28,73.0,0.51,0.29,0.33,40.0,154,79.30000305175781
WFC,2025-02-28,72.0,0.33,0.22,0.25,27.0,91,79.30000305175781
WFC,2025-02-28,71.0,0.18,0.17,0.2,15.0,105,79.30000305175781
WFC,2025-02-28,70.0,0.2,0.13,0.16,33.0,88,79.30000305175781
KO,2025-02-28,62.0,1.07,1.1,1.14,4.0,147,62.575401306152344
KO,2025-02-28,61.0,0.7,0.75,0.78,6.0,561,62.575401306152344
KO,2025-02-28,60.0,0.5,0.49,0.52,6.0,331,62.575401306152344
KO,2025-02-28,59.0,0.28,0.32,0.35,3.0,84,62.575401306152344
KO,2025-02-28,58.0,0.11,0.21,0.24,1.0,70,62.575401306152344
KO,2025-02-28,57.0,0.17,0.15,0.17,1.0,45,62.575401306152344
KO,2025-02-28,56.0,0.1,0.0,0.15,25.0,52,62.575401306152344
KO,2025-02-28,55.0,0.11,0.0,1.35,2.0,2,62.575401306152344
PEP,2025-02-28,140.0,1.6,1.39,1.55,24.0,80,143.97999572753906
PEP,2025-02-28,135.0,0.54,0.46,0.61,8.0,85,143.97999572753906
PEP,2025-02-28,130.0,0.18,0.11,0.28,15.0,31,143.97999572753906
PEP,2025-02-28,125.0,0.18,0.01,0.15,1.0,5,143.97999572753906
K,2025-02-28,80.0,0.5,0.0,2.4,1.0,5,81.76000213623047
SBUX,2025-02-28,109.0,2.27,2.14,2.22,28.0,143,109.94000244140625
SBUX,2025-02-28,108.0,1.9,1.75,1.83,46.0,112,109.94000244140625
SBUX,2025-02-28,107.0,1.51,1.41,1.46,48.0,177,109.94000244140625
SBUX,2025-02-28,106.0,1.24,1.08,1.13,38.0,2742,109.94000244140625
SBUX,2025-02-28,105.0,0.95,0.86,0.92,22.0,277,109.94000244140625
SBUX,2025-02-28,104.0,0.75,0.66,0.69,16.0,194,109.94000244140625
SBUX,2025-02-28,103.0,0.57,0.49,0.55,3.0,155,109.94000244140625
SBUX,2025-02-28,102.0,0.41,0.39,0.43,2.0,37,109.94000244140625
SBUX,2025-02-28,101.0,0.35,0.28,0.34,8.0,139,109.94000244140625
SBUX,2025-02-28,100.0,0.27,0.25,0.27,28.0,1387,109.94000244140625
NKE,2025-02-28,76.0,1.66,1.68,1.74,11.0,59,76.62999725341797
NKE,2025-02-28,75.0,1.0,1.29,1.34,1.0,1945,76.62999725341797
NKE,2025-02-28,74.0,1.0,0.97,1.03,9.0,151,76.62999725341797
NKE,2025-02-28,73.0,0.75,0.73,0.79,2.0,54,76.62999725341797
NKE,2025-02-28,72.0,0.49,0.54,0.77,13.0,289,76.62999725341797
NKE,2025-02-28,71.0,0.41,0.4,0.46,3.0,88,76.62999725341797
NKE,2025-02-28,70.0,0.27,0.3,0.34,6.0,344,76.62999725341797
NKE,2025-02-28,69.0,0.4,0.23,0.34,25.0,190,76.62999725341797
NKE,2025-02-28,68.0,0.2,0.17,0.36,9.0,67,76.62999725341797
NKE,2025-02-28,67.0,0.18,0.13,0.18,30.0,71,76.62999725341797
LOW,2025-02-28,255.0,6.4,5.55,5.8,10.0,105,257.69390869140625
LOW,2025-02-28,250.0,4.7,3.8,4.15,1.0,136,257.69390869140625
LOW,2025-02-28,245.0,2.74,2.63,2.75,4.0,71,257.69390869140625
LOW,2025-02-28,240.0,2.05,1.76,1.88,2.0,52,257.69390869140625
LOW,2025-02-28,235.0,1.4,1.16,1.47,101.0,107,257.69390869140625
LOW,2025-02-28,230.0,0.7,0.66,0.96,3.0,7,257.69390869140625
LOW,2025-02-28,225.0,0.85,0.56,0.82,1.0,5,257.69390869140625
LOW,2025-02-28,220.0,0.75,0.0,2.65,,15,257.69390869140625
LOW,2025-02-28,200.0,0.48,0.0,0.75,,3,257.69390869140625
LOW,2025-02-28,175.0,0.39,0.0,0.51,,0,257.69390869140625
MCD,2025-02-28,285.0,5.05,4.8,5.05,8.0,25,289.2900085449219
MCD,2025-02-28,280.0,3.35,3.25,3.4,2.0,70,289.2900085449219
MCD,2025-02-28,275.0,2.45,2.15,2.29,6.0,85,289.2900085449219
MCD,2025-02-28,270.0,1.42,1.41,1.53,3.0,119,289.2900085449219
MCD,2025-02-28,265.0,1.03,0.83,1.02,2.0,74,289.2900085449219
MCD,2025-02-28,260.0,0.66,0.62,0.68,2.0,58,289.2900085449219
MCD,2025-02-28,255.0,0.57,0.23,0.53,1.0,112,289.2900085449219
MCD,2025-02-28,250.0,0.35,0.1,0.47,1.0,5,289.2900085449219
MCD,2025-02-28,245.0,0.25,0.01,0.75,8.0,13,289.2900085449219
MCD,2025-02-28,240.0,0.19,0.0,0.75,21.0,34,289.2900085449219
DIS,2025-02-28,112.0,3.75,3.65,3.8,1.0,226,112.89440155029297
DIS,2025-02-28,111.0,3.0,3.2,3.35,5.0,48,112.89440155029297
DIS,2025-02-28,110.0,2.89,2.83,2.93,5.0,143,112.89440155029297
DIS,2025-02-28,109.0,2.44,2.48,2.56,1.0,55,112.89440155029297
DIS,2025-02-28,108.0,2.15,2.12,2.21,22.0,234,112.89440155029297
DIS,2025-02-28,107.0,1.8,1.84,1.92,17.0,36,112.89440155029297
DIS,2025-02-28,106.0,1.56,1.57,1.66,3.0,86,112.89440155029297
DIS,2025-02-28,105.0,1.25,1.34,1.42,7.0,97,112.89440155029297
DIS,2025-02-28,104.0,1.11,1.14,1.21,6.0,84,112.89440155029297
DIS,2025-02-28,103.0,0.95,0.96,1.03,1.0,36,112.89440155029297
WMT,2025-02-28,100.0,2.9,2.85,2.9,140.0,427,100.66999816894531
WMT,2025-02-28,99.0,2.56,2.41,2.47,16.0,183,100.66999816894531
WMT,2025-02-28,98.0,2.0,2.01,2.07,20.0,311,100.66999816894531
WMT,2025-02-28,97.0,1.64,1.66,1.72,100.0,1259,100.66999816894531
WMT,2025-02-28,96.0,1.48,1.37,1.42,16.0,48,100.66999816894531
WMT,2025-02-28,95.0,1.12,1.13,1.17,125.0,367,100.66999816894531
WMT,2025-02-28,94.0,0.92,0.91,0.95,153.0,430,100.66999816894531
WMT,2025-02-28,93.0,0.75,0.73,0.77,10.0,497,100.66999816894531
WMT,2025-02-28,92.0,0.64,0.59,0.63,3.0,632,100.66999816894531
WMT,2025-02-28,91.0,0.62,0.48,0.51,60.0,258,100.66999816894531
XOM,2025-02-28,110.0,2.82,2.71,2.77,47.0,83,110.1500015258789
XOM,2025-02-28,109.0,2.25,2.18,2.24,13.0,132,110.1500015258789
XOM,2025-02-28,108.0,1.89,1.77,1.85,12.0,217,110.1500015258789
XOM,2025-02-28,107.0,2.73,1.47,1.57,7.0,86,110.1500015258789
XOM,2025-02-28,106.0,1.67,1.11,1.17,1.0,150,110.1500015258789
XOM,2025-02-28,105.0,0.9,0.89,0.92,22.0,248,110.1500015258789
XOM,2025-02-28,104.0,0.73,0.66,0.74,15.0,100,110.1500015258789
XOM,2025-02-28,103.0,0.62,0.52,0.57,3.0,216,110.1500015258789
XOM,2025-02-28,102.0,0.44,0.4,0.49,24.0,177,110.1500015258789
XOM,2025-02-28,101.0,0.39,0.31,0.54,2.0,81,110.1500015258789
UPS,2025-02-28,110.0,2.65,2.62,2.73,48.0,788,110.93000030517578
UPS,2025-02-28,105.0,0.87,0.86,0.9,1286.0,1494,110.93000030517578
UPS,2025-02-28,100.0,0.24,0.22,0.31,85.0,141,110.93000030517578
UPS,2025-02-28,95.0,0.07,0.0,0.32,2.0,45,110.93000030517578
UPS,2025-02-28,90.0,0.1,0.0,0.15,10.0,18,110.93000030517578
UPS,2025-02-28,80.0,0.21,0.0,1.26,,1,110.93000030517578
HD,2025-02-28,405.0,9.31,8.55,8.8,11.0,274,409.8800048828125
HD,2025-02-28,400.0,7.38,6.8,7.1,3.0,129,409.8800048828125
HD,2025-02-28,395.0,6.09,5.35,5.6,1.0,139,409.8800048828125
HD,2025-02-28,390.0,4.75,4.15,4.4,20.0,254,409.8800048828125
HD,2025-02-28,385.0,3.4,3.25,3.45,90.0,654,409.8800048828125
HD,2025-02-28,380.0,2.9,2.53,2.7,5.0,333,409.8800048828125
HD,2025-02-28,375.0,2.45,1.84,2.13,9.0,50,409.8800048828125
HD,2025-02-28,370.0,1.95,1.57,1.69,3.0,181,409.8800048828125
HD,2025-02-28,365.0,1.5,1.05,1.36,2.0,30,409.8800048828125
HD,2025-02-28,360.0,1.34,0.0,1.12,8.0,5,409.8800048828125
TMO,2025-02-28,580.0,7.7,8.2,8.8,8.0,9,584.1849975585938
TMO,2025-02-28,550.0,1.6,1.6,2.15,1.0,33,584.1849975585938
TMO,2025-02-28,540.0,5.0,0.8,3.3,35.0,35,584.1849975585938
TMO,2025-02-28,530.0,3.4,0.0,3.2,1.0,25,584.1849975585938
TMO,2025-02-28,520.0,0.37,0.0,2.9,2.0,43,584.1849975585938
TMO,2025-02-28,510.0,4.0,0.0,2.75,,1,584.1849975585938
TMO,2025-02-28,500.0,1.77,0.0,1.5,,3,584.1849975585938
TMO,2025-02-28,490.0,1.1,0.0,1.8,,1,584.1849975585938
PYPL,2025-02-28,80.0,2.34,2.21,2.35,2416.0,206,80.13999938964844
PYPL,2025-02-28,79.0,1.96,1.84,1.96,43.0,61,80.13999938964844
PYPL,2025-02-28,78.0,1.6,1.48,1.59,743.0,51,80.13999938964844
PYPL,2025-02-28,77.0,1.24,1.16,1.29,900.0,33,80.13999938964844
PYPL,2025-02-28,76.0,1.0,0.93,1.03,113.0,16,80.13999938964844
PYPL,2025-02-28,75.0,0.82,0.76,0.82,204.0,75,80.13999938964844
PYPL,2025-02-28,70.0,0.22,0.22,0.26,62.0,128,80.13999938964844
PYPL,2025-02-28,65.0,0.51,0.0,0.18,1.0,27,80.13999938964844
PYPL,2025-02-28,60.0,0.25,0.0,0.16,,11,80.13999938964844
UBER,2025-02-28,69.0,3.39,3.35,3.4,14.0,36,69.38999938964844
UBER,2025-02-28,68.0,3.1,2.81,3.1,4.0,158,69.38999938964844
UBER,2025-02-28,67.0,2.6,2.45,2.68,25.0,175,69.38999938964844
UBER,2025-02-28,66.0,2.88,2.05,2.16,37.0,150,69.38999938964844
UBER,2025-02-28,65.0,1.8,1.72,1.91,14.0,323,69.38999938964844
UBER,2025-02-28,64.0,1.45,1.42,1.49,2.0,66,69.38999938964844
UBER,2025-02-28,63.0,1.31,1.16,1.41,8.0,166,69.38999938964844
UBER,2025-02-28,62.0,0.99,0.94,0.98,9.0,111,69.38999938964844
UBER,2025-02-28,61.0,0.85,0.74,0.83,1.0,142,69.38999938964844
UBER,2025-02-28,60.0,0.61,0.59,0.65,308.0,3089,69.38999938964844
ZM,2025-02-28,86.0,4.15,3.85,4.1,29.0,14,86.54000091552734
ZM,2025-02-28,85.0,3.6,3.35,3.6,44.0,44,86.54000091552734
ZM,2025-02-28,84.0,3.1,2.98,3.15,1.0,48,86.54000091552734
ZM,2025-02-28,83.0,2.32,2.5,2.77,5.0,7,86.54000091552734
ZM,2025-02-28,82.0,2.61,2.23,2.42,1.0,15,86.54000091552734
ZM,2025-02-28,81.0,2.4,1.7,2.06,5.0,92,86.54000091552734
ZM,2025-02-28,80.0,2.2,1.57,1.76,2.0,21,86.54000091552734
ZM,2025-02-28,79.0,1.6,1.2,1.53,26.0,719,86.54000091552734
ZM,2025-02-28,78.0,1.25,1.15,1.29,5.0,50,86.54000091552734
ZM,2025-02-28,77.0,1.13,0.8,1.11,19.0,48,86.54000091552734
TEAM,2025-02-28,315.0,10.78,10.1,10.8,1.0,7,315.8085021972656
TEAM,2025-02-28,310.0,8.68,8.1,8.6,1.0,7,315.8085021972656
TEAM,2025-02-28,305.0,15.1,6.4,6.8,1.0,11,315.8085021972656
TEAM,2025-02-28,300.0,8.74,4.9,5.5,1.0,15,315.8085021972656
TEAM,2025-02-28,295.0,5.98,3.8,4.1,1.0,4,315.8085021972656
TEAM,2025-02-28,290.0,4.69,2.9,3.1,2.0,6,315.8085021972656
TEAM,2025-02-28,285.0,6.38,2.05,2.95,3.0,2,315.8085021972656
TEAM,2025-02-28,280.0,5.03,1.55,2.35,3.0,2,315.8085021972656
TEAM,2025-02-28,275.0,3.01,1.2,1.5,7.0,6,315.8085021972656
TEAM,2025-02-28,270.0,1.0,0.85,1.4,1.0,19,315.8085021972656
MDB,2025-02-28,270.0,12.3,10.5,10.9,1.0,26,274.97821044921875
MDB,2025-02-28,265.0,10.05,8.4,8.85,1.0,62,274.97821044921875
MDB,2025-02-28,260.0,7.9,6.75,7.1,1.0,58,274.97821044921875
MDB,2025-02-28,255.0,7.6,5.15,5.6,8.0,90,274.97821044921875
MDB,2025-02-28,250.0,5.38,3.95,4.3,7.0,48,274.97821044921875
MDB,2025-02-28,245.0,3.2,3.0,3.3,8.0,6,274.97821044921875
MDB,2025-02-28,240.0,3.27,2.18,2.56,4.0,41,274.97821044921875
MDB,2025-02-28,235.0,4.0,1.6,2.01,5.0,51,274.97821044921875
MDB,2025-02-28,230.0,2.93,1.15,1.49,2.0,10,274.97821044921875
MDB,2025-02-28,225.0,1.52,0.79,1.09,2.0,27,274.97821044921875
DKNG,2025-02-28,40.0,2.51,2.41,2.46,10.0,116,40.33000183105469
DKNG,2025-02-28,39.0,2.02,1.91,1.97,1.0,127,40.33000183105469
DKNG,2025-02-28,38.0,1.14,1.49,1.56,7.0,63,40.33000183105469
DKNG,2025-02-28,37.0,0.77,1.12,1.21,2.0,18,40.33000183105469
DKNG,2025-02-28,36.0,0.91,0.82,0.96,1.0,37,40.33000183105469
DKNG,2025-02-28,35.0,0.67,0.65,0.68,25.0,18,40.33000183105469
DKNG,2025-02-28,34.0,0.31,0.45,0.51,10.0,117,40.33000183105469
DKNG,2025-02-28,33.0,0.18,0.0,0.59,5.0,6,40.33000183105469
DKNG,2025-02-28,32.0,0.13,0.0,0.33,6.0,7,40.33000183105469
DKNG,2025-02-28,30.0,0.22,0.0,0.27,,1,40.33000183105469
